ID,Family ID,Family,Coordinate,Definition,Insufficient on its own,Legacy
1,1,Positive affect,joy,Pleasure or happiness about the current situation.,Mere politeness or agreement.,X150
2,1,Positive affect,contentment,Satisfaction with the present state without seeking change.,High-energy excitement alone.,X150
3,1,Positive affect,amusement,Finding something funny or playfully entertaining.,Mockery without expressed enjoyment.,X150
4,1,Positive affect,excitement,Energized positive anticipation or engagement.,Pleasure with no activation cue.,X150
5,1,Positive affect,delight,Pleasurable surprise at a specific welcome detail or event.,Generic happiness without a specific welcome cause.,X150
6,1,Positive affect,elation,Unusually elevated exuberant happiness.,Ordinary moderate pleasure.,X150
7,1,Positive affect,serenity,Peaceful positive ease with little internal conflict.,A controlled tone that hides tension.,X150
8,1,Positive affect,relief,Reduced distress after a feared burden or outcome eases.,Hope that a burden might ease later.,X150
9,1,Positive affect,hope,A wanted future outcome still feels possible.,Certainty that it will happen.,X150
10,1,Positive affect,optimism,A broadly favorable expectation for what comes next.,Desire without favorable expectation.,X150
11,1,Positive affect,gratitude,"Thankfulness for a benefit, kindness or help received.",Routine thanks without a discernible appreciative stance.,X150
12,1,Positive affect,pride,"Positive evaluation of one's own action, achievement or group contribution.",Praise of someone else's achievement alone.,X150
13,1,Positive affect,admiration,Positive regard for another's qualities or achievement.,Simple agreement with their opinion.,X150
14,1,Positive affect,awe,Feeling impressed or small before something perceived as vast or exceptional.,A routine surprise.,X150
15,1,Positive affect,inspiration,Feeling moved toward possibility or action by an example or experience.,Admiration with no motivating effect.,X150
16,2,Distress and loss,sadness,Unpleasant low mood about an adverse situation or loss.,A merely negative evaluation with no felt distress.,X150
17,2,Distress and loss,grief,"Distress linked to losing an important person, relationship or life possibility.",An ordinary setback without important loss.,X150
18,2,Distress and loss,sorrow,Reflective pain or lament about suffering or loss.,Brief annoyance.,X150
19,2,Distress and loss,loneliness,Unwanted lack of companionship or felt connection.,Choosing enjoyable solitude.,X150
20,2,Distress and loss,emptiness,"A felt inner absence, hollowness or lack of emotional meaning.",Boredom without an inner-absence cue.,X150
21,2,Distress and loss,disappointment,A valued expectation did not turn out as wanted.,A negative event without an expectation contrast.,X150
22,2,Distress and loss,discouragement,A setback reduces willingness or confidence to continue.,Sadness with motivation unchanged.,X150
23,2,Distress and loss,despair,Severe distress with a felt lack of a way forward.,A mild discouraging setback.,X150
24,2,Distress and loss,helplessness,Feeling unable to change or escape an unwanted current situation.,Not knowing what will happen alone.,X150
25,2,Distress and loss,hopelessness,Feeling that a wanted future improvement is not possible.,Temporary uncertainty about one plan.,X150
26,2,Distress and loss,regret,Wishing a past choice or event had gone differently.,Current dissatisfaction without a counterfactual past wish.,X150
27,2,Distress and loss,remorse,"Pain about harm one believes one caused, with a wish to make amends.",Regret over personal inconvenience alone.,X150
28,2,Distress and loss,guilt,Feeling responsible for violating a duty or harming someone.,Being accused without accepting responsibility.,X150
29,2,Distress and loss,shame,"A negative appraisal of oneself as exposed, unworthy or flawed.",Regret about a discrete mistake without self-directed devaluation.,X150
30,2,Distress and loss,embarrassment,Self-conscious discomfort about a socially awkward exposure.,Deep self-devaluation without an awkward exposure cue.,X150
31,3,Threat and uncertainty,fear,Distress about a specific perceived threat or danger.,A future uncertainty with no threat cue.,X150
32,3,Threat and uncertainty,anxiety,Sustained apprehensive arousal about uncertain adverse possibilities.,Calm uncertainty.,X150
33,3,Threat and uncertainty,nervousness,Mild or moderate uneasy arousal in a demanding imminent situation.,A vague belief that a bad outcome is possible without felt arousal.,X150
34,3,Threat and uncertainty,apprehension,Uneasy anticipation of a specific upcoming adverse possibility.,Surprise after an event.,X150
35,3,Threat and uncertainty,worry,Repeated concern or thought about a possible problem.,A single neutral question about risk.,X150
36,3,Threat and uncertainty,dread,Strong aversion while anticipating an expected distressing event.,Ordinary mild nervousness.,X150
37,3,Threat and uncertainty,panic,Sudden intense fear with a felt loss of composure or control.,Any strong fear without abrupt overwhelming expression.,X150
38,3,Threat and uncertainty,insecurity,"Doubt about one's adequacy, worth or relational standing.",Uncertainty about external facts alone.,X150
39,3,Threat and uncertainty,vulnerability,Feeling exposed to emotional harm or openly at risk.,Being objectively at risk without a felt-exposure cue.,X150
40,3,Threat and uncertainty,unease,Diffuse discomfort that something feels wrong or unsafe.,Neutral unfamiliarity.,X150
41,3,Threat and uncertainty,suspicion,A tentative concern that another's motives or an account are concealed or adverse.,Verified knowledge of wrongdoing alone.,X150
42,3,Threat and uncertainty,distrust,An expressed unwillingness to rely on someone or their claims.,A question asking for clarification.,X150
43,3,Threat and uncertainty,uncertainty,An expressed lack of a settled answer or prediction.,Not wanting to reveal an answer one already knows.,X150
44,3,Threat and uncertainty,overwhelm,Demands or feelings feel too much to handle together.,Being busy without reduced handling capacity.,X150
45,3,Threat and uncertainty,stress,"Felt pressure from demands, stakes or constraints.",A demanding situation reported without personal strain.,X150
46,4,Opposition and injury,anger,Hostile activated displeasure about an offense or obstruction.,A calm negative judgment alone.,X150
47,4,Opposition and injury,annoyance,Mild displeasure at a bothersome event or behavior.,High-intensity rage.,X150
48,4,Opposition and injury,frustration,"Displeasure because progress, a goal or a need is blocked.",General hostility without an obstruction.,X150
49,4,Opposition and injury,irritation,Short-tempered sensitivity to a bothersome stimulus.,A considered moral objection alone.,X150
50,4,Opposition and injury,resentment,Continuing displeasure over perceived unfair treatment or an unmet obligation.,A momentary irritation with no remembered grievance.,X150
51,4,Opposition and injury,bitterness,Lingering hardened negativity after repeated hurt or disappointment.,Fresh sadness without a hardened stance.,X150
52,4,Opposition and injury,indignation,Anger at a perceived unfair or improper act.,A personal inconvenience with no fairness judgment.,X150
53,4,Opposition and injury,outrage,Intense anger at a perceived serious moral violation.,Mild disagreement about appropriateness.,X150
54,4,Opposition and injury,disgust,Strong aversion or repulsion toward something perceived as offensive or contaminating.,Simple disapproval.,X150
55,4,Opposition and injury,contempt,Dismissing someone or something as beneath respect.,Anger that still treats the other as worthy of respect.,X150
56,4,Opposition and injury,envy,Pain or desire about an advantage another has that one lacks.,Fear of losing an existing relationship to a rival.,X150
57,4,Opposition and injury,jealousy,Threat or distress about losing valued relational attention to a rival.,Wanting someone else's possession alone.,X150
58,4,Opposition and injury,humiliation,Feeling degraded or publicly diminished by another or a social event.,Private awkwardness without degradation.,X150
59,4,Opposition and injury,betrayal,Feeling that someone violated an important trust or loyalty.,Unexpected behavior without a trust expectation.,X150
60,4,Opposition and injury,hurt,Emotional pain from a perceived interpersonal wound or rejection.,Physical pain alone.,X150
61,5,Bonding and care,affection,A warm positive feeling toward a person or being.,Practical help without a warm feeling cue.,X150
62,5,Bonding and care,love,An explicit or strongly evidenced enduring valued bond and care.,A casual like or generic friendly politeness.,X150
63,5,Bonding and care,tenderness,Gentle protective warmth toward another's vulnerability.,General attraction without gentleness.,X150
64,5,Bonding and care,compassion,Concern for another's suffering with an inclination to ease it.,Understanding their perspective with no concern.,X150
65,5,Bonding and care,empathy,Expressed felt understanding or resonance with another's experience.,Advice or agreement alone.,X150
66,5,Bonding and care,caring,Concern for another's well-being and wish to attend to it.,Social courtesy without concern.,X150
67,5,Bonding and care,warmth,Friendly emotional openness and a welcoming positive tone toward someone.,Formal politeness alone.,X150
68,5,Bonding and care,fondness,Gentle liking grounded in familiarity or affectionate regard.,Strong dependency or fear of loss alone.,X150
69,5,Bonding and care,attachment,Feeling an emotionally important tie and pull to remain linked.,Enjoying one interaction without an important tie.,X150
70,5,Bonding and care,belonging,Feeling included and at home in a relationship or group.,Being physically present without inclusion.,X150
71,5,Bonding and care,acceptance,Feeling received without needing to conceal or change a salient part of oneself.,Agreeing with a proposal.,X150
72,5,Bonding and care,trust,"Willingness to rely on another's goodwill, honesty or reliability.",Mere absence of a complaint.,X150
73,5,Bonding and care,emotional_closeness,A felt mutual understanding and accessible emotional bond.,Physical proximity or frequent contact alone.,X150
74,5,Bonding and care,intimacy,Valued private personal sharing or vulnerability within a close bond.,Explicit sexual content or physical contact alone.,X150
75,5,Bonding and care,solidarity,Felt alliance with another or a group through shared commitment or adversity.,A shared preference with no alliance.,X150
76,6,Social appraisal,approval,A positive evaluative stance toward a specific action or choice.,Pleasure unrelated to evaluation.,X150
77,6,Social appraisal,disapproval,A negative evaluative stance toward a specific action or choice.,Distress without a judgment of the action.,X150
78,6,Social appraisal,respect,"Recognizing another's dignity, boundaries or competence as worthy of regard.",Fearful compliance alone.,X150
79,6,Social appraisal,disrespect,"Feeling or expressing that dignity, boundaries or worth were disregarded.",An ordinary disagreement without disregard.,X150
80,6,Social appraisal,appreciation,"Noticing and valuing a quality, effort or contribution.",Generic positive mood.,X150
81,6,Social appraisal,feeling_seen,Feeling that another accurately noticed an important part of one's experience.,Receiving attention that misreads the experience.,X150
82,6,Social appraisal,feeling_unheard,Feeling that one's expressed concern or meaning was not listened to.,A message not yet answered without a listening judgment.,X150
83,6,Social appraisal,validation,Feeling that one's experience or reaction is acknowledged as understandable.,Being told one's factual claim is correct alone.,X150
84,6,Social appraisal,invalidation,"Feeling that one's experience is dismissed, minimized or denied legitimacy.",A factual correction that acknowledges the feeling.,X150
85,6,Social appraisal,rejection,"Feeling refused as a person, partner or wanted participant.",A logistical no with no felt personal refusal.,X150
86,6,Social appraisal,exclusion,Feeling left out of a desired group activity or social space.,Choosing not to participate.,X150
87,6,Social appraisal,social_comparison,Evaluating one's own standing by contrasting it with another's.,Mentioning another's achievement without self-comparison.,X150
88,6,Social appraisal,status_threat,"Concern that one's social standing, competence reputation or rank is at risk.",A loss unrelated to standing.,X150
89,6,Social appraisal,dignity,A felt claim to intrinsic worth and treatment consistent with it.,Pride in a specific achievement alone.,X150
90,6,Social appraisal,recognition,"Feeling that a contribution, identity or achievement has been acknowledged.",Being visible without acknowledgement of value.,X150
91,7,Knowledge and surprise,curiosity,Wanting to find out something not yet known.,A rhetorical question expressing criticism.,X150
92,7,Knowledge and surprise,interest,"Sustained attention or attraction toward a topic, activity or person.",A neutral mention without engagement.,X150
93,7,Knowledge and surprise,confusion,Difficulty making sense of available information or what to do.,Uncertainty with a clear understanding of the options.,X150
94,7,Knowledge and surprise,surprise,An immediate reaction to something not expected.,A predictable welcome event.,X150
95,7,Knowledge and surprise,astonishment,Strong surprise at an unusually unexpected event.,Mild ordinary surprise.,X150
96,7,Knowledge and surprise,bewilderment,Marked confusion after expectations or sense-making break down.,A simple request for one missing fact.,X150
97,7,Knowledge and surprise,realization,An expressed newly reached insight or recognition.,Restating an already-held belief.,X150
98,7,Knowledge and surprise,understanding,"A felt grasp of meaning, reasons or a perspective.",Claiming agreement without grasping the reason.,X150
99,7,Knowledge and surprise,doubt,"Questioning whether a belief, choice or claim is right.",Not yet receiving information without questioning anything.,X150
100,7,Knowledge and surprise,skepticism,A critical reluctance to accept a claim without more support.,A general distrust of a person without a claim under review.,X150
101,7,Knowledge and surprise,certainty,Feeling settled or sure about a proposition or outcome.,Strong desire that it be true.,X150
102,7,Knowledge and surprise,wonder,Open reflective fascination at something that invites exploration.,Simple surprise with no reflective fascination.,X150
103,7,Knowledge and surprise,cognitive_conflict,Feeling torn between incompatible beliefs or interpretations.,Competing practical goals without conflicting beliefs.,X150
104,7,Knowledge and surprise,disbelief,Difficulty accepting that a reported or observed event is true.,A question asked only to obtain a missing detail.,X150
105,7,Knowledge and surprise,expectation_violation,An expressed mismatch between a prior expectation and what occurred.,Surprise without an identifiable prior expectation.,X150
106,8,Agency and motivation,desire,"An expressed wanting of an outcome, object or experience.",A plan with no personal wanting cue.,X150
107,8,Agency and motivation,longing,A sustained felt lack and wish for an absent valued thing or person.,A brief preference for an available option.,X150
108,8,Agency and motivation,yearning,Intense emotionally charged longing for connection or fulfillment.,Mild wanting.,X150
109,8,Agency and motivation,determination,Strong willingness to persist despite difficulty.,Excitement without a persistence cue.,X150
110,8,Agency and motivation,resolve,A settled commitment to a course after deliberation or doubt.,An undecided intention.,X150
111,8,Agency and motivation,motivation,Felt readiness or drive to pursue an activity or goal.,A goal stated without willingness to act.,X150
112,8,Agency and motivation,ambition,Desire to achieve a substantial future accomplishment or standing.,Completing a routine required step.,X150
113,8,Agency and motivation,confidence,Positive assurance about oneself or a coming action.,Certainty about an external fact alone.,X150
114,8,Agency and motivation,self_efficacy,Belief in one's ability to perform a particular task or handle a challenge.,Generic self-worth.,X150
115,8,Agency and motivation,agency,Feeling able to initiate choices and influence one's course.,An action imposed entirely by others.,X150
116,8,Agency and motivation,powerlessness,Feeling deprived of effective influence over a valued situation or decision.,A freely chosen delegation.,X150
117,8,Agency and motivation,perceived_control,Feeling that outcomes or important aspects are within one's influence.,A desire to control without feeling able to.,X150
118,8,Agency and motivation,autonomy,Feeling or seeking freedom to choose according to one's own preferences.,Control over others.,X150
119,8,Agency and motivation,defiance,"Expressed resistance to an imposed demand, authority or constraint.",A quiet independent choice without opposition.,X150
120,8,Agency and motivation,resignation,Giving up resistance and accepting an unwanted outcome as inevitable.,Willing positive acceptance.,X150
121,9,Regulation and readiness,calmness,Low agitation and steady emotional arousal in the current situation.,Polite wording while explicitly agitated.,X150
122,9,Regulation and readiness,agitation,Restless or unsettled activated distress.,Purposeful energetic excitement.,X150
123,9,Regulation and readiness,tension,"A felt tautness, strain or difficulty relaxing.",A difficult situation with no felt strain cue.,X150
124,9,Regulation and readiness,restlessness,"Difficulty staying settled, waiting or remaining still.",Purposeful movement without unsettled feeling.,X150
125,9,Regulation and readiness,emotional_fatigue,Feeling depleted by sustained emotional demands.,Physical tiredness alone.,X150
126,9,Regulation and readiness,composure,Maintaining or regaining self-command despite emotional pressure.,A lack of pressure with ordinary calmness.,X150
127,9,Regulation and readiness,patience,"Willingness to tolerate delay, difficulty or another's pace.",No delay or difficulty being described.,X150
128,9,Regulation and readiness,impatience,Difficulty tolerating delay or wanting progress faster.,Urgency imposed by a deadline without personal intolerance.,X150
129,9,Regulation and readiness,defensiveness,A protective response against perceived criticism or exposure.,A clear correction offered without self-protection.,X150
130,9,Regulation and readiness,openness,"Willingness to consider a view, experience or personal exchange.",Uncritical agreement alone.,X150
131,9,Regulation and readiness,guardedness,Cautious withholding of emotion or information to protect oneself.,Simply having nothing relevant to share.,X150
132,9,Regulation and readiness,emotional_numbness,An expressed reduced ability to feel or emotional disconnection.,Calmness or absence of a label.,X150
133,9,Regulation and readiness,emotional_recovery,A felt movement back toward steadiness after emotional difficulty.,A hopeful plan to recover later.,X150
134,9,Regulation and readiness,willingness_to_engage,Readiness to participate in a current conversation or emotional exchange.,Being present without willingness.,X150
135,9,Regulation and readiness,withdrawal,A current pull to reduce interaction or disengage from emotional contact.,A brief break for unrelated logistics.,X150
136,10,Relational needs and repair,reassurance_seeking,Seeking confirmation that a feared relational or personal concern is not true.,A factual question unrelated to reassurance.,X150
137,10,Relational needs and repair,support_seeking,Asking for practical or emotional help with a difficulty.,Mentioning difficulty without seeking help.,X150
138,10,Relational needs and repair,comfort_seeking,"Seeking soothing, care or solace for emotional pain.",Seeking only factual information.,X150
139,10,Relational needs and repair,connection_seeking,Seeking renewed or increased meaningful contact or companionship.,Coordinating a purely logistical exchange.,X150
140,10,Relational needs and repair,distance_seeking,Seeking space or less closeness to protect a need or regulate contact.,Being geographically distant involuntarily.,X150
141,10,Relational needs and repair,boundary_assertion,"Expressing a limit on access, behavior or responsibility one will accept.",A preference with no limit communicated.,X150
142,10,Relational needs and repair,boundary_discomfort,Unease about a personal limit being crossed or hard to state.,General relational worry without a limit cue.,X150
143,10,Relational needs and repair,fear_of_abandonment,Fear that an important other will leave or cease caring.,Missing someone with no feared departure.,X150
144,10,Relational needs and repair,dependency_concern,Concern about relying too heavily on another or being relied on excessively.,Ordinary valued mutual support.,X150
145,10,Relational needs and repair,reciprocity_expectation,"Wanting mutual effort, attention or care in a relationship.",A request for help without a mutuality expectation.,X150
146,10,Relational needs and repair,forgiveness,A willingness to release a grievance toward someone who caused hurt.,Pretending harm did not occur or accepting future harm.,X150
147,10,Relational needs and repair,reconciliation_desire,Wanting to restore a relationship after conflict or separation.,Missing a person without wanting renewed relationship.,X150
148,10,Relational needs and repair,conflict_repair,Current effort or readiness to address damage from a disagreement.,Ending a conversation without addressing the damage.,X150
149,10,Relational needs and repair,relational_ambivalence,Simultaneous incompatible pulls toward and away from a relationship.,Simple uncertainty about a logistical plan.,X150
150,10,Relational needs and repair,self_disclosure_readiness,Willingness to reveal personally meaningful feelings or information.,Sharing impersonal facts alone.,X150
151,11,Self-consciousness & identity,authenticity,"An affective, appraisal, need, or stance state specifically involving authenticity in the context of self-evaluation, identity, and authenticity.",Mere mention of authenticity without evidence that the target speaker currently experiences or expresses it.,X500_NEW
152,11,Self-consciousness & identity,self_acceptance,Willingness or felt ability to receive or live with self without continued resistance.,Mere mention of self acceptance without evidence that the target speaker currently experiences or expresses it.,X500_NEW
153,11,Self-consciousness & identity,self_compassion,"An affective, appraisal, need, or stance state specifically involving self compassion in the context of self-evaluation, identity, and authenticity.",Mere mention of self compassion without evidence that the target speaker currently experiences or expresses it.,X500_NEW
154,11,Self-consciousness & identity,self_respect,"An affective, appraisal, need, or stance state specifically involving self respect in the context of self-evaluation, identity, and authenticity.",Mere mention of self respect without evidence that the target speaker currently experiences or expresses it.,X500_NEW
155,11,Self-consciousness & identity,self_worth,"An affective, appraisal, need, or stance state specifically involving self worth in the context of self-evaluation, identity, and authenticity.",Mere mention of self worth without evidence that the target speaker currently experiences or expresses it.,X500_NEW
156,11,Self-consciousness & identity,self_doubt,"Questioning whether a belief, interpretation, choice, or expectation involving self is right.",Mere mention of self doubt without evidence that the target speaker currently experiences or expresses it.,X500_NEW
157,11,Self-consciousness & identity,self_criticism,"An affective, appraisal, need, or stance state specifically involving self criticism in the context of self-evaluation, identity, and authenticity.",Mere mention of self criticism without evidence that the target speaker currently experiences or expresses it.,X500_NEW
158,11,Self-consciousness & identity,self_consciousness,"An affective, appraisal, need, or stance state specifically involving self consciousness in the context of self-evaluation, identity, and authenticity.",Mere mention of self consciousness without evidence that the target speaker currently experiences or expresses it.,X500_NEW
159,11,Self-consciousness & identity,identity_clarity,"An affective, appraisal, need, or stance state specifically involving identity clarity in the context of self-evaluation, identity, and authenticity.",Mere mention of identity clarity without evidence that the target speaker currently experiences or expresses it.,X500_NEW
160,11,Self-consciousness & identity,identity_conflict,"Felt tension created by incompatible beliefs, interpretations, motives, or pulls involving identity.",Mere mention of identity conflict without evidence that the target speaker currently experiences or expresses it.,X500_NEW
161,11,Self-consciousness & identity,identity_insecurity,"Doubt about adequacy, safety, worth, or standing in relation to identity.",Mere mention of identity insecurity without evidence that the target speaker currently experiences or expresses it.,X500_NEW
162,11,Self-consciousness & identity,identity_pride,Positive self- or group-evaluation connected to identity.,Mere mention of identity pride without evidence that the target speaker currently experiences or expresses it.,X500_NEW
163,11,Self-consciousness & identity,individuality,"An affective, appraisal, need, or stance state specifically involving individuality in the context of self-evaluation, identity, and authenticity.",Mere mention of individuality without evidence that the target speaker currently experiences or expresses it.,X500_NEW
164,11,Self-consciousness & identity,authenticity_relief,Reduced distress after a burden or feared outcome connected to authenticity eases.,Mere mention of authenticity relief without evidence that the target speaker currently experiences or expresses it.,X500_NEW
165,11,Self-consciousness & identity,self_permission,"An affective, appraisal, need, or stance state specifically involving self permission in the context of self-evaluation, identity, and authenticity.",Mere mention of self permission without evidence that the target speaker currently experiences or expresses it.,X500_NEW
166,11,Self-consciousness & identity,self_judgment,"An affective, appraisal, need, or stance state specifically involving self judgment in the context of self-evaluation, identity, and authenticity.",Mere mention of self judgment without evidence that the target speaker currently experiences or expresses it.,X500_NEW
167,11,Self-consciousness & identity,self_kindness,"An affective, appraisal, need, or stance state specifically involving self kindness in the context of self-evaluation, identity, and authenticity.",Mere mention of self kindness without evidence that the target speaker currently experiences or expresses it.,X500_NEW
168,11,Self-consciousness & identity,self_protection,"An affective, appraisal, need, or stance state specifically involving self protection in the context of self-evaluation, identity, and authenticity.",Mere mention of self protection without evidence that the target speaker currently experiences or expresses it.,X500_NEW
169,11,Self-consciousness & identity,self_exposure,"An affective, appraisal, need, or stance state specifically involving self exposure in the context of self-evaluation, identity, and authenticity.",Mere mention of self exposure without evidence that the target speaker currently experiences or expresses it.,X500_NEW
170,11,Self-consciousness & identity,self_alignment,"An affective, appraisal, need, or stance state specifically involving self alignment in the context of self-evaluation, identity, and authenticity.",Mere mention of self alignment without evidence that the target speaker currently experiences or expresses it.,X500_NEW
171,11,Self-consciousness & identity,inner_confidence,Positive assurance about one's ability or likely performance in inner.,Mere mention of inner confidence without evidence that the target speaker currently experiences or expresses it.,X500_NEW
172,11,Self-consciousness & identity,inner_conflict,"Felt tension created by incompatible beliefs, interpretations, motives, or pulls involving inner.",Mere mention of inner conflict without evidence that the target speaker currently experiences or expresses it.,X500_NEW
173,11,Self-consciousness & identity,self_visibility,"An affective, appraisal, need, or stance state specifically involving self visibility in the context of self-evaluation, identity, and authenticity.",Mere mention of self visibility without evidence that the target speaker currently experiences or expresses it.,X500_NEW
174,11,Self-consciousness & identity,self_invisibility,"An affective, appraisal, need, or stance state specifically involving self invisibility in the context of self-evaluation, identity, and authenticity.",Mere mention of self invisibility without evidence that the target speaker currently experiences or expresses it.,X500_NEW
175,11,Self-consciousness & identity,personal_integrity,"An affective, appraisal, need, or stance state specifically involving personal integrity in the context of self-evaluation, identity, and authenticity.",Mere mention of personal integrity without evidence that the target speaker currently experiences or expresses it.,X500_NEW
176,11,Self-consciousness & identity,self_trust,"Willingness to rely on another person's goodwill, reliability, or safe handling of self.",Mere mention of self trust without evidence that the target speaker currently experiences or expresses it.,X500_NEW
177,11,Self-consciousness & identity,identity_stability,"An affective, appraisal, need, or stance state specifically involving identity stability in the context of self-evaluation, identity, and authenticity.",Mere mention of identity stability without evidence that the target speaker currently experiences or expresses it.,X500_NEW
178,11,Self-consciousness & identity,identity_change,"An affective, appraisal, need, or stance state specifically involving identity change in the context of self-evaluation, identity, and authenticity.",Mere mention of identity change without evidence that the target speaker currently experiences or expresses it.,X500_NEW
179,11,Self-consciousness & identity,self_reassurance,"An affective, appraisal, need, or stance state specifically involving self reassurance in the context of self-evaluation, identity, and authenticity.",Mere mention of self reassurance without evidence that the target speaker currently experiences or expresses it.,X500_NEW
180,11,Self-consciousness & identity,self_disappointment,Displeasure because a valued expectation connected to self was not met.,Mere mention of self disappointment without evidence that the target speaker currently experiences or expresses it.,X500_NEW
181,11,Self-consciousness & identity,self_validation,"An affective, appraisal, need, or stance state specifically involving self validation in the context of self-evaluation, identity, and authenticity.",Mere mention of self validation without evidence that the target speaker currently experiences or expresses it.,X500_NEW
182,11,Self-consciousness & identity,self_invalidation,"An affective, appraisal, need, or stance state specifically involving self invalidation in the context of self-evaluation, identity, and authenticity.",Mere mention of self invalidation without evidence that the target speaker currently experiences or expresses it.,X500_NEW
183,11,Self-consciousness & identity,self_curiosity,"An affective, appraisal, need, or stance state specifically involving self curiosity in the context of self-evaluation, identity, and authenticity.",Mere mention of self curiosity without evidence that the target speaker currently experiences or expresses it.,X500_NEW
184,11,Self-consciousness & identity,self_reinvention,"An affective, appraisal, need, or stance state specifically involving self reinvention in the context of self-evaluation, identity, and authenticity.",Mere mention of self reinvention without evidence that the target speaker currently experiences or expresses it.,X500_NEW
185,12,Moral & values,fairness_sensitivity,"An affective, appraisal, need, or stance state specifically involving fairness sensitivity in the context of fairness, responsibility, principles, and values.",Mere mention of fairness sensitivity without evidence that the target speaker currently experiences or expresses it.,X500_NEW
186,12,Moral & values,injustice_sensitivity,"An affective, appraisal, need, or stance state specifically involving injustice sensitivity in the context of fairness, responsibility, principles, and values.",Mere mention of injustice sensitivity without evidence that the target speaker currently experiences or expresses it.,X500_NEW
187,12,Moral & values,moral_concern,"An affective, appraisal, need, or stance state specifically involving moral concern in the context of fairness, responsibility, principles, and values.",Mere mention of moral concern without evidence that the target speaker currently experiences or expresses it.,X500_NEW
188,12,Moral & values,moral_certainty,"An affective, appraisal, need, or stance state specifically involving moral certainty in the context of fairness, responsibility, principles, and values.",Mere mention of moral certainty without evidence that the target speaker currently experiences or expresses it.,X500_NEW
189,12,Moral & values,moral_doubt,"Questioning whether a belief, interpretation, choice, or expectation involving moral is right.",Mere mention of moral doubt without evidence that the target speaker currently experiences or expresses it.,X500_NEW
190,12,Moral & values,moral_conflict,"Felt tension created by incompatible beliefs, interpretations, motives, or pulls involving moral.",Mere mention of moral conflict without evidence that the target speaker currently experiences or expresses it.,X500_NEW
191,12,Moral & values,moral_distress,"An affective, appraisal, need, or stance state specifically involving moral distress in the context of fairness, responsibility, principles, and values.",Mere mention of moral distress without evidence that the target speaker currently experiences or expresses it.,X500_NEW
192,12,Moral & values,ethical_pride,Positive self- or group-evaluation connected to ethical.,Mere mention of ethical pride without evidence that the target speaker currently experiences or expresses it.,X500_NEW
193,12,Moral & values,ethical_relief,Reduced distress after a burden or feared outcome connected to ethical eases.,Mere mention of ethical relief without evidence that the target speaker currently experiences or expresses it.,X500_NEW
194,12,Moral & values,moral_compassion,"An affective, appraisal, need, or stance state specifically involving moral compassion in the context of fairness, responsibility, principles, and values.",Mere mention of moral compassion without evidence that the target speaker currently experiences or expresses it.,X500_NEW
195,12,Moral & values,moral_disgust,"An affective, appraisal, need, or stance state specifically involving moral disgust in the context of fairness, responsibility, principles, and values.",Mere mention of moral disgust without evidence that the target speaker currently experiences or expresses it.,X500_NEW
196,12,Moral & values,moral_disappointment,Displeasure because a valued expectation connected to moral was not met.,Mere mention of moral disappointment without evidence that the target speaker currently experiences or expresses it.,X500_NEW
197,12,Moral & values,moral_responsibility,"An affective, appraisal, need, or stance state specifically involving moral responsibility in the context of fairness, responsibility, principles, and values.",Mere mention of moral responsibility without evidence that the target speaker currently experiences or expresses it.,X500_NEW
198,12,Moral & values,duty_commitment,"An affective, appraisal, need, or stance state specifically involving duty commitment in the context of fairness, responsibility, principles, and values.",Mere mention of duty commitment without evidence that the target speaker currently experiences or expresses it.,X500_NEW
199,12,Moral & values,duty_pressure,"Felt burden, urgency, or constraint associated with duty.",Mere mention of duty pressure without evidence that the target speaker currently experiences or expresses it.,X500_NEW
200,12,Moral & values,obligation_tension,"An affective, appraisal, need, or stance state specifically involving obligation tension in the context of fairness, responsibility, principles, and values.",Mere mention of obligation tension without evidence that the target speaker currently experiences or expresses it.,X500_NEW
201,12,Moral & values,conscience_activation,"An affective, appraisal, need, or stance state specifically involving conscience activation in the context of fairness, responsibility, principles, and values.",Mere mention of conscience activation without evidence that the target speaker currently experiences or expresses it.,X500_NEW
202,12,Moral & values,conscience_relief,Reduced distress after a burden or feared outcome connected to conscience eases.,Mere mention of conscience relief without evidence that the target speaker currently experiences or expresses it.,X500_NEW
203,12,Moral & values,value_alignment,"An affective, appraisal, need, or stance state specifically involving value alignment in the context of fairness, responsibility, principles, and values.",Mere mention of value alignment without evidence that the target speaker currently experiences or expresses it.,X500_NEW
204,12,Moral & values,value_conflict,"Felt tension created by incompatible beliefs, interpretations, motives, or pulls involving value.",Mere mention of value conflict without evidence that the target speaker currently experiences or expresses it.,X500_NEW
205,12,Moral & values,principled_defiance,"An affective, appraisal, need, or stance state specifically involving principled defiance in the context of fairness, responsibility, principles, and values.",Mere mention of principled defiance without evidence that the target speaker currently experiences or expresses it.,X500_NEW
206,12,Moral & values,moral_resignation,"An affective, appraisal, need, or stance state specifically involving moral resignation in the context of fairness, responsibility, principles, and values.",Mere mention of moral resignation without evidence that the target speaker currently experiences or expresses it.,X500_NEW
207,12,Moral & values,moral_courage,"An affective, appraisal, need, or stance state specifically involving moral courage in the context of fairness, responsibility, principles, and values.",Mere mention of moral courage without evidence that the target speaker currently experiences or expresses it.,X500_NEW
208,12,Moral & values,moral_hesitation,"An affective, appraisal, need, or stance state specifically involving moral hesitation in the context of fairness, responsibility, principles, and values.",Mere mention of moral hesitation without evidence that the target speaker currently experiences or expresses it.,X500_NEW
209,12,Moral & values,ethical_curiosity,"An affective, appraisal, need, or stance state specifically involving ethical curiosity in the context of fairness, responsibility, principles, and values.",Mere mention of ethical curiosity without evidence that the target speaker currently experiences or expresses it.,X500_NEW
210,12,Moral & values,norm_concern,"An affective, appraisal, need, or stance state specifically involving norm concern in the context of fairness, responsibility, principles, and values.",Mere mention of norm concern without evidence that the target speaker currently experiences or expresses it.,X500_NEW
211,12,Moral & values,norm_relief,Reduced distress after a burden or feared outcome connected to norm eases.,Mere mention of norm relief without evidence that the target speaker currently experiences or expresses it.,X500_NEW
212,12,Moral & values,fairness_hope,A felt expectation that a desired outcome involving fairness remains possible or may improve.,Mere mention of fairness hope without evidence that the target speaker currently experiences or expresses it.,X500_NEW
213,12,Moral & values,justice_anger,"An affective, appraisal, need, or stance state specifically involving justice anger in the context of fairness, responsibility, principles, and values.",Mere mention of justice anger without evidence that the target speaker currently experiences or expresses it.,X500_NEW
214,12,Moral & values,justice_hope,A felt expectation that a desired outcome involving justice remains possible or may improve.,Mere mention of justice hope without evidence that the target speaker currently experiences or expresses it.,X500_NEW
215,12,Moral & values,accountability_readiness,"An affective, appraisal, need, or stance state specifically involving accountability readiness in the context of fairness, responsibility, principles, and values.",Mere mention of accountability readiness without evidence that the target speaker currently experiences or expresses it.,X500_NEW
216,12,Moral & values,accountability_fear,Distress about a perceived threat connected to accountability.,Mere mention of accountability fear without evidence that the target speaker currently experiences or expresses it.,X500_NEW
217,12,Moral & values,reparative_intent,"An affective, appraisal, need, or stance state specifically involving reparative intent in the context of fairness, responsibility, principles, and values.",Mere mention of reparative intent without evidence that the target speaker currently experiences or expresses it.,X500_NEW
218,12,Moral & values,moral_forbearance,"An affective, appraisal, need, or stance state specifically involving moral forbearance in the context of fairness, responsibility, principles, and values.",Mere mention of moral forbearance without evidence that the target speaker currently experiences or expresses it.,X500_NEW
219,12,Moral & values,moral_fatigue,Felt depletion or reduced emotional capacity associated with moral.,Mere mention of moral fatigue without evidence that the target speaker currently experiences or expresses it.,X500_NEW
220,13,Time & memory,nostalgia,"An affective, appraisal, need, or stance state specifically involving nostalgia in the context of past memories, current timing, or anticipated future events.",Mere mention of nostalgia without evidence that the target speaker currently experiences or expresses it.,X500_NEW
221,13,Time & memory,bittersweet_reminiscence,"An affective, appraisal, need, or stance state specifically involving bittersweet reminiscence in the context of past memories, current timing, or anticipated future events.",Mere mention of bittersweet reminiscence without evidence that the target speaker currently experiences or expresses it.,X500_NEW
222,13,Time & memory,memory_warmth,"An affective, appraisal, need, or stance state specifically involving memory warmth in the context of past memories, current timing, or anticipated future events.",Mere mention of memory warmth without evidence that the target speaker currently experiences or expresses it.,X500_NEW
223,13,Time & memory,memory_sadness,Unpleasant low mood connected to memory.,Mere mention of memory sadness without evidence that the target speaker currently experiences or expresses it.,X500_NEW
224,13,Time & memory,memory_regret,A wish that something connected to memory had gone differently.,Mere mention of memory regret without evidence that the target speaker currently experiences or expresses it.,X500_NEW
225,13,Time & memory,memory_pride,Positive self- or group-evaluation connected to memory.,Mere mention of memory pride without evidence that the target speaker currently experiences or expresses it.,X500_NEW
226,13,Time & memory,memory_shame,Self-directed devaluation or exposure-related discomfort connected to memory.,Mere mention of memory shame without evidence that the target speaker currently experiences or expresses it.,X500_NEW
227,13,Time & memory,memory_triggered_fear,Distress about a perceived threat connected to memory triggered.,Mere mention of memory triggered fear without evidence that the target speaker currently experiences or expresses it.,X500_NEW
228,13,Time & memory,memory_triggered_joy,"An affective, appraisal, need, or stance state specifically involving memory triggered joy in the context of past memories, current timing, or anticipated future events.",Mere mention of memory triggered joy without evidence that the target speaker currently experiences or expresses it.,X500_NEW
229,13,Time & memory,recollection_clarity,"An affective, appraisal, need, or stance state specifically involving recollection clarity in the context of past memories, current timing, or anticipated future events.",Mere mention of recollection clarity without evidence that the target speaker currently experiences or expresses it.,X500_NEW
230,13,Time & memory,recollection_confusion,"An affective, appraisal, need, or stance state specifically involving recollection confusion in the context of past memories, current timing, or anticipated future events.",Mere mention of recollection confusion without evidence that the target speaker currently experiences or expresses it.,X500_NEW
231,13,Time & memory,time_pressure,"Felt burden, urgency, or constraint associated with time.",Mere mention of time pressure without evidence that the target speaker currently experiences or expresses it.,X500_NEW
232,13,Time & memory,time_abundance,"An affective, appraisal, need, or stance state specifically involving time abundance in the context of past memories, current timing, or anticipated future events.",Mere mention of time abundance without evidence that the target speaker currently experiences or expresses it.,X500_NEW
233,13,Time & memory,temporal_anticipation,"An affective, appraisal, need, or stance state specifically involving temporal anticipation in the context of past memories, current timing, or anticipated future events.",Mere mention of temporal anticipation without evidence that the target speaker currently experiences or expresses it.,X500_NEW
234,13,Time & memory,temporal_uncertainty,An expressed lack of a settled answer or prediction concerning temporal.,Mere mention of temporal uncertainty without evidence that the target speaker currently experiences or expresses it.,X500_NEW
235,13,Time & memory,future_excitement,"An affective, appraisal, need, or stance state specifically involving future excitement in the context of past memories, current timing, or anticipated future events.",Mere mention of future excitement without evidence that the target speaker currently experiences or expresses it.,X500_NEW
236,13,Time & memory,future_worry,"An affective, appraisal, need, or stance state specifically involving future worry in the context of past memories, current timing, or anticipated future events.",Mere mention of future worry without evidence that the target speaker currently experiences or expresses it.,X500_NEW
237,13,Time & memory,future_dread,Strong aversion while anticipating a distressing event connected to future.,Mere mention of future dread without evidence that the target speaker currently experiences or expresses it.,X500_NEW
238,13,Time & memory,future_hope,A felt expectation that a desired outcome involving future remains possible or may improve.,Mere mention of future hope without evidence that the target speaker currently experiences or expresses it.,X500_NEW
239,13,Time & memory,future_regret,A wish that something connected to future had gone differently.,Mere mention of future regret without evidence that the target speaker currently experiences or expresses it.,X500_NEW
240,13,Time & memory,delayed_gratification,"An affective, appraisal, need, or stance state specifically involving delayed gratification in the context of past memories, current timing, or anticipated future events.",Mere mention of delayed gratification without evidence that the target speaker currently experiences or expresses it.,X500_NEW
241,13,Time & memory,anticipation_tension,"An affective, appraisal, need, or stance state specifically involving anticipation tension in the context of past memories, current timing, or anticipated future events.",Mere mention of anticipation tension without evidence that the target speaker currently experiences or expresses it.,X500_NEW
242,13,Time & memory,waiting_relief,Reduced distress after a burden or feared outcome connected to waiting eases.,Mere mention of waiting relief without evidence that the target speaker currently experiences or expresses it.,X500_NEW
243,13,Time & memory,waiting_frustration,Displeasure because progress or a valued goal connected to waiting is blocked.,Mere mention of waiting frustration without evidence that the target speaker currently experiences or expresses it.,X500_NEW
244,13,Time & memory,countdown_excitement,"An affective, appraisal, need, or stance state specifically involving countdown excitement in the context of past memories, current timing, or anticipated future events.",Mere mention of countdown excitement without evidence that the target speaker currently experiences or expresses it.,X500_NEW
245,13,Time & memory,deadline_anxiety,Sustained apprehension and arousal focused on deadline.,Mere mention of deadline anxiety without evidence that the target speaker currently experiences or expresses it.,X500_NEW
246,13,Time & memory,temporal_disorientation,"An affective, appraisal, need, or stance state specifically involving temporal disorientation in the context of past memories, current timing, or anticipated future events.",Mere mention of temporal disorientation without evidence that the target speaker currently experiences or expresses it.,X500_NEW
247,13,Time & memory,aging_awareness,"An affective, appraisal, need, or stance state specifically involving aging awareness in the context of past memories, current timing, or anticipated future events.",Mere mention of aging awareness without evidence that the target speaker currently experiences or expresses it.,X500_NEW
248,13,Time & memory,life_stage_transition,"An affective, appraisal, need, or stance state specifically involving life stage transition in the context of past memories, current timing, or anticipated future events.",Mere mention of life stage transition without evidence that the target speaker currently experiences or expresses it.,X500_NEW
249,13,Time & memory,missed_opportunity_feeling,"An affective, appraisal, need, or stance state specifically involving missed opportunity feeling in the context of past memories, current timing, or anticipated future events.",Mere mention of missed opportunity feeling without evidence that the target speaker currently experiences or expresses it.,X500_NEW
250,13,Time & memory,passing_time_sadness,Unpleasant low mood connected to passing time.,Mere mention of passing time sadness without evidence that the target speaker currently experiences or expresses it.,X500_NEW
251,13,Time & memory,seasonal_sentiment,"An affective, appraisal, need, or stance state specifically involving seasonal sentiment in the context of past memories, current timing, or anticipated future events.",Mere mention of seasonal sentiment without evidence that the target speaker currently experiences or expresses it.,X500_NEW
252,13,Time & memory,anniversary_emotion,"An affective, appraisal, need, or stance state specifically involving anniversary emotion in the context of past memories, current timing, or anticipated future events.",Mere mention of anniversary emotion without evidence that the target speaker currently experiences or expresses it.,X500_NEW
253,13,Time & memory,deja_vu,"An affective, appraisal, need, or stance state specifically involving deja vu in the context of past memories, current timing, or anticipated future events.",Mere mention of deja vu without evidence that the target speaker currently experiences or expresses it.,X500_NEW
254,13,Time & memory,memory_longing,"An affective, appraisal, need, or stance state specifically involving memory longing in the context of past memories, current timing, or anticipated future events.",Mere mention of memory longing without evidence that the target speaker currently experiences or expresses it.,X500_NEW
255,14,Aesthetic & sensory,aesthetic_pleasure,"An affective, appraisal, need, or stance state specifically involving aesthetic pleasure in the context of sensory or aesthetic experience.",Mere mention of aesthetic pleasure without evidence that the target speaker currently experiences or expresses it.,X500_NEW
256,14,Aesthetic & sensory,aesthetic_awe,"An affective, appraisal, need, or stance state specifically involving aesthetic awe in the context of sensory or aesthetic experience.",Mere mention of aesthetic awe without evidence that the target speaker currently experiences or expresses it.,X500_NEW
257,14,Aesthetic & sensory,beauty_appreciation,"An affective, appraisal, need, or stance state specifically involving beauty appreciation in the context of sensory or aesthetic experience.",Mere mention of beauty appreciation without evidence that the target speaker currently experiences or expresses it.,X500_NEW
258,14,Aesthetic & sensory,ugliness_aversion,"An affective, appraisal, need, or stance state specifically involving ugliness aversion in the context of sensory or aesthetic experience.",Mere mention of ugliness aversion without evidence that the target speaker currently experiences or expresses it.,X500_NEW
259,14,Aesthetic & sensory,sensory_delight,"An affective, appraisal, need, or stance state specifically involving sensory delight in the context of sensory or aesthetic experience.",Mere mention of sensory delight without evidence that the target speaker currently experiences or expresses it.,X500_NEW
260,14,Aesthetic & sensory,sensory_irritation,"An affective, appraisal, need, or stance state specifically involving sensory irritation in the context of sensory or aesthetic experience.",Mere mention of sensory irritation without evidence that the target speaker currently experiences or expresses it.,X500_NEW
261,14,Aesthetic & sensory,sensory_overload,"An affective, appraisal, need, or stance state specifically involving sensory overload in the context of sensory or aesthetic experience.",Mere mention of sensory overload without evidence that the target speaker currently experiences or expresses it.,X500_NEW
262,14,Aesthetic & sensory,sensory_calm,"An affective, appraisal, need, or stance state specifically involving sensory calm in the context of sensory or aesthetic experience.",Mere mention of sensory calm without evidence that the target speaker currently experiences or expresses it.,X500_NEW
263,14,Aesthetic & sensory,musical_emotionality,"An affective, appraisal, need, or stance state specifically involving musical emotionality in the context of sensory or aesthetic experience.",Mere mention of musical emotionality without evidence that the target speaker currently experiences or expresses it.,X500_NEW
264,14,Aesthetic & sensory,rhythm_engagement,"An affective, appraisal, need, or stance state specifically involving rhythm engagement in the context of sensory or aesthetic experience.",Mere mention of rhythm engagement without evidence that the target speaker currently experiences or expresses it.,X500_NEW
265,14,Aesthetic & sensory,cinematic_absorption,"An affective, appraisal, need, or stance state specifically involving cinematic absorption in the context of sensory or aesthetic experience.",Mere mention of cinematic absorption without evidence that the target speaker currently experiences or expresses it.,X500_NEW
266,14,Aesthetic & sensory,narrative_transport,"An affective, appraisal, need, or stance state specifically involving narrative transport in the context of sensory or aesthetic experience.",Mere mention of narrative transport without evidence that the target speaker currently experiences or expresses it.,X500_NEW
267,14,Aesthetic & sensory,artistic_inspiration,"An affective, appraisal, need, or stance state specifically involving artistic inspiration in the context of sensory or aesthetic experience.",Mere mention of artistic inspiration without evidence that the target speaker currently experiences or expresses it.,X500_NEW
268,14,Aesthetic & sensory,creative_flow,"An affective, appraisal, need, or stance state specifically involving creative flow in the context of sensory or aesthetic experience.",Mere mention of creative flow without evidence that the target speaker currently experiences or expresses it.,X500_NEW
269,14,Aesthetic & sensory,creative_satisfaction,"An affective, appraisal, need, or stance state specifically involving creative satisfaction in the context of sensory or aesthetic experience.",Mere mention of creative satisfaction without evidence that the target speaker currently experiences or expresses it.,X500_NEW
270,14,Aesthetic & sensory,creative_frustration,Displeasure because progress or a valued goal connected to creative is blocked.,Mere mention of creative frustration without evidence that the target speaker currently experiences or expresses it.,X500_NEW
271,14,Aesthetic & sensory,creative_vulnerability,"An affective, appraisal, need, or stance state specifically involving creative vulnerability in the context of sensory or aesthetic experience.",Mere mention of creative vulnerability without evidence that the target speaker currently experiences or expresses it.,X500_NEW
272,14,Aesthetic & sensory,creative_pride,Positive self- or group-evaluation connected to creative.,Mere mention of creative pride without evidence that the target speaker currently experiences or expresses it.,X500_NEW
273,14,Aesthetic & sensory,creative_envy,"An affective, appraisal, need, or stance state specifically involving creative envy in the context of sensory or aesthetic experience.",Mere mention of creative envy without evidence that the target speaker currently experiences or expresses it.,X500_NEW
274,14,Aesthetic & sensory,expressive_beauty,"An affective, appraisal, need, or stance state specifically involving expressive beauty in the context of sensory or aesthetic experience.",Mere mention of expressive beauty without evidence that the target speaker currently experiences or expresses it.,X500_NEW
275,14,Aesthetic & sensory,visual_fascination,"An affective, appraisal, need, or stance state specifically involving visual fascination in the context of sensory or aesthetic experience.",Mere mention of visual fascination without evidence that the target speaker currently experiences or expresses it.,X500_NEW
276,14,Aesthetic & sensory,tactile_comfort,"An affective, appraisal, need, or stance state specifically involving tactile comfort in the context of sensory or aesthetic experience.",Mere mention of tactile comfort without evidence that the target speaker currently experiences or expresses it.,X500_NEW
277,14,Aesthetic & sensory,tactile_aversion,"An affective, appraisal, need, or stance state specifically involving tactile aversion in the context of sensory or aesthetic experience.",Mere mention of tactile aversion without evidence that the target speaker currently experiences or expresses it.,X500_NEW
278,14,Aesthetic & sensory,olfactory_memory,"An affective, appraisal, need, or stance state specifically involving olfactory memory in the context of sensory or aesthetic experience.",Mere mention of olfactory memory without evidence that the target speaker currently experiences or expresses it.,X500_NEW
279,14,Aesthetic & sensory,taste_pleasure,"An affective, appraisal, need, or stance state specifically involving taste pleasure in the context of sensory or aesthetic experience.",Mere mention of taste pleasure without evidence that the target speaker currently experiences or expresses it.,X500_NEW
280,14,Aesthetic & sensory,taste_aversion,"An affective, appraisal, need, or stance state specifically involving taste aversion in the context of sensory or aesthetic experience.",Mere mention of taste aversion without evidence that the target speaker currently experiences or expresses it.,X500_NEW
281,14,Aesthetic & sensory,sound_comfort,"An affective, appraisal, need, or stance state specifically involving sound comfort in the context of sensory or aesthetic experience.",Mere mention of sound comfort without evidence that the target speaker currently experiences or expresses it.,X500_NEW
282,14,Aesthetic & sensory,sound_aversion,"An affective, appraisal, need, or stance state specifically involving sound aversion in the context of sensory or aesthetic experience.",Mere mention of sound aversion without evidence that the target speaker currently experiences or expresses it.,X500_NEW
283,14,Aesthetic & sensory,color_attraction,"An affective, appraisal, need, or stance state specifically involving color attraction in the context of sensory or aesthetic experience.",Mere mention of color attraction without evidence that the target speaker currently experiences or expresses it.,X500_NEW
284,14,Aesthetic & sensory,pattern_fascination,"An affective, appraisal, need, or stance state specifically involving pattern fascination in the context of sensory or aesthetic experience.",Mere mention of pattern fascination without evidence that the target speaker currently experiences or expresses it.,X500_NEW
285,14,Aesthetic & sensory,craftsmanship_respect,"An affective, appraisal, need, or stance state specifically involving craftsmanship respect in the context of sensory or aesthetic experience.",Mere mention of craftsmanship respect without evidence that the target speaker currently experiences or expresses it.,X500_NEW
286,14,Aesthetic & sensory,novelty_aesthetic_surprise,"An affective, appraisal, need, or stance state specifically involving novelty aesthetic surprise in the context of sensory or aesthetic experience.",Mere mention of novelty aesthetic surprise without evidence that the target speaker currently experiences or expresses it.,X500_NEW
287,14,Aesthetic & sensory,cozy_aesthetics,"An affective, appraisal, need, or stance state specifically involving cozy aesthetics in the context of sensory or aesthetic experience.",Mere mention of cozy aesthetics without evidence that the target speaker currently experiences or expresses it.,X500_NEW
288,14,Aesthetic & sensory,eerie_aesthetics,"An affective, appraisal, need, or stance state specifically involving eerie aesthetics in the context of sensory or aesthetic experience.",Mere mention of eerie aesthetics without evidence that the target speaker currently experiences or expresses it.,X500_NEW
289,14,Aesthetic & sensory,sublime_feeling,"An affective, appraisal, need, or stance state specifically involving sublime feeling in the context of sensory or aesthetic experience.",Mere mention of sublime feeling without evidence that the target speaker currently experiences or expresses it.,X500_NEW
290,15,Achievement & performance,competence_pride,Positive self- or group-evaluation connected to competence.,Mere mention of competence pride without evidence that the target speaker currently experiences or expresses it.,X500_NEW
291,15,Achievement & performance,mastery_satisfaction,"An affective, appraisal, need, or stance state specifically involving mastery satisfaction in the context of performance, competence, practice, or achievement.",Mere mention of mastery satisfaction without evidence that the target speaker currently experiences or expresses it.,X500_NEW
292,15,Achievement & performance,progress_satisfaction,"An affective, appraisal, need, or stance state specifically involving progress satisfaction in the context of performance, competence, practice, or achievement.",Mere mention of progress satisfaction without evidence that the target speaker currently experiences or expresses it.,X500_NEW
293,15,Achievement & performance,learning_excitement,"An affective, appraisal, need, or stance state specifically involving learning excitement in the context of performance, competence, practice, or achievement.",Mere mention of learning excitement without evidence that the target speaker currently experiences or expresses it.,X500_NEW
294,15,Achievement & performance,learning_frustration,Displeasure because progress or a valued goal connected to learning is blocked.,Mere mention of learning frustration without evidence that the target speaker currently experiences or expresses it.,X500_NEW
295,15,Achievement & performance,performance_anxiety,Sustained apprehension and arousal focused on performance.,Mere mention of performance anxiety without evidence that the target speaker currently experiences or expresses it.,X500_NEW
296,15,Achievement & performance,evaluation_anxiety,Sustained apprehension and arousal focused on evaluation.,Mere mention of evaluation anxiety without evidence that the target speaker currently experiences or expresses it.,X500_NEW
297,15,Achievement & performance,fear_of_failure,Distress about a perceived threat connected to fear of failure.,Mere mention of fear of failure without evidence that the target speaker currently experiences or expresses it.,X500_NEW
298,15,Achievement & performance,fear_of_success,Distress about a perceived threat connected to fear of success.,Mere mention of fear of success without evidence that the target speaker currently experiences or expresses it.,X500_NEW
299,15,Achievement & performance,imposter_feeling,"An affective, appraisal, need, or stance state specifically involving imposter feeling in the context of performance, competence, practice, or achievement.",Mere mention of imposter feeling without evidence that the target speaker currently experiences or expresses it.,X500_NEW
300,15,Achievement & performance,competitive_drive,"An affective, appraisal, need, or stance state specifically involving competitive drive in the context of performance, competence, practice, or achievement.",Mere mention of competitive drive without evidence that the target speaker currently experiences or expresses it.,X500_NEW
301,15,Achievement & performance,competitive_envy,"An affective, appraisal, need, or stance state specifically involving competitive envy in the context of performance, competence, practice, or achievement.",Mere mention of competitive envy without evidence that the target speaker currently experiences or expresses it.,X500_NEW
302,15,Achievement & performance,achievement_anticipation,"An affective, appraisal, need, or stance state specifically involving achievement anticipation in the context of performance, competence, practice, or achievement.",Mere mention of achievement anticipation without evidence that the target speaker currently experiences or expresses it.,X500_NEW
303,15,Achievement & performance,achievement_relief,Reduced distress after a burden or feared outcome connected to achievement eases.,Mere mention of achievement relief without evidence that the target speaker currently experiences or expresses it.,X500_NEW
304,15,Achievement & performance,setback_frustration,Displeasure because progress or a valued goal connected to setback is blocked.,Mere mention of setback frustration without evidence that the target speaker currently experiences or expresses it.,X500_NEW
305,15,Achievement & performance,deadline_pressure,"Felt burden, urgency, or constraint associated with deadline.",Mere mention of deadline pressure without evidence that the target speaker currently experiences or expresses it.,X500_NEW
306,15,Achievement & performance,perfectionism_pressure,"Felt burden, urgency, or constraint associated with perfectionism.",Mere mention of perfectionism pressure without evidence that the target speaker currently experiences or expresses it.,X500_NEW
307,15,Achievement & performance,perfectionism_relief,Reduced distress after a burden or feared outcome connected to perfectionism eases.,Mere mention of perfectionism relief without evidence that the target speaker currently experiences or expresses it.,X500_NEW
308,15,Achievement & performance,comparison_pressure,"Felt burden, urgency, or constraint associated with comparison.",Mere mention of comparison pressure without evidence that the target speaker currently experiences or expresses it.,X500_NEW
309,15,Achievement & performance,ranking_pride,Positive self- or group-evaluation connected to ranking.,Mere mention of ranking pride without evidence that the target speaker currently experiences or expresses it.,X500_NEW
310,15,Achievement & performance,ranking_shame,Self-directed devaluation or exposure-related discomfort connected to ranking.,Mere mention of ranking shame without evidence that the target speaker currently experiences or expresses it.,X500_NEW
311,15,Achievement & performance,feedback_hope,A felt expectation that a desired outcome involving feedback remains possible or may improve.,Mere mention of feedback hope without evidence that the target speaker currently experiences or expresses it.,X500_NEW
312,15,Achievement & performance,feedback_dread,Strong aversion while anticipating a distressing event connected to feedback.,Mere mention of feedback dread without evidence that the target speaker currently experiences or expresses it.,X500_NEW
313,15,Achievement & performance,correction_acceptance,Willingness or felt ability to receive or live with correction without continued resistance.,Mere mention of correction acceptance without evidence that the target speaker currently experiences or expresses it.,X500_NEW
314,15,Achievement & performance,correction_resistance,"An affective, appraisal, need, or stance state specifically involving correction resistance in the context of performance, competence, practice, or achievement.",Mere mention of correction resistance without evidence that the target speaker currently experiences or expresses it.,X500_NEW
315,15,Achievement & performance,skill_confidence,Positive assurance about one's ability or likely performance in skill.,Mere mention of skill confidence without evidence that the target speaker currently experiences or expresses it.,X500_NEW
316,15,Achievement & performance,skill_insecurity,"Doubt about adequacy, safety, worth, or standing in relation to skill.",Mere mention of skill insecurity without evidence that the target speaker currently experiences or expresses it.,X500_NEW
317,15,Achievement & performance,challenge_eagerness,"An affective, appraisal, need, or stance state specifically involving challenge eagerness in the context of performance, competence, practice, or achievement.",Mere mention of challenge eagerness without evidence that the target speaker currently experiences or expresses it.,X500_NEW
318,15,Achievement & performance,challenge_avoidance,"An affective, appraisal, need, or stance state specifically involving challenge avoidance in the context of performance, competence, practice, or achievement.",Mere mention of challenge avoidance without evidence that the target speaker currently experiences or expresses it.,X500_NEW
319,15,Achievement & performance,persistence_fatigue,Felt depletion or reduced emotional capacity associated with persistence.,Mere mention of persistence fatigue without evidence that the target speaker currently experiences or expresses it.,X500_NEW
320,15,Achievement & performance,practice_satisfaction,"An affective, appraisal, need, or stance state specifically involving practice satisfaction in the context of performance, competence, practice, or achievement.",Mere mention of practice satisfaction without evidence that the target speaker currently experiences or expresses it.,X500_NEW
321,15,Achievement & performance,goal_drift,"An affective, appraisal, need, or stance state specifically involving goal drift in the context of performance, competence, practice, or achievement.",Mere mention of goal drift without evidence that the target speaker currently experiences or expresses it.,X500_NEW
322,15,Achievement & performance,goal_clarity,"An affective, appraisal, need, or stance state specifically involving goal clarity in the context of performance, competence, practice, or achievement.",Mere mention of goal clarity without evidence that the target speaker currently experiences or expresses it.,X500_NEW
323,15,Achievement & performance,accomplishment_meaning,"An affective, appraisal, need, or stance state specifically involving accomplishment meaning in the context of performance, competence, practice, or achievement.",Mere mention of accomplishment meaning without evidence that the target speaker currently experiences or expresses it.,X500_NEW
324,15,Achievement & performance,performance_recovery,"An affective, appraisal, need, or stance state specifically involving performance recovery in the context of performance, competence, practice, or achievement.",Mere mention of performance recovery without evidence that the target speaker currently experiences or expresses it.,X500_NEW
325,16,Group & social dynamics,camaraderie,"An affective, appraisal, need, or stance state specifically involving camaraderie in the context of group membership, peer evaluation, or collective interaction.",Mere mention of camaraderie without evidence that the target speaker currently experiences or expresses it.,X500_NEW
326,16,Group & social dynamics,group_pride,Positive self- or group-evaluation connected to group.,Mere mention of group pride without evidence that the target speaker currently experiences or expresses it.,X500_NEW
327,16,Group & social dynamics,group_belonging,A felt sense of inclusion and being at home in group.,Mere mention of group belonging without evidence that the target speaker currently experiences or expresses it.,X500_NEW
328,16,Group & social dynamics,group_exclusion,A felt sense of being left out of group.,Mere mention of group exclusion without evidence that the target speaker currently experiences or expresses it.,X500_NEW
329,16,Group & social dynamics,group_acceptance,Willingness or felt ability to receive or live with group without continued resistance.,Mere mention of group acceptance without evidence that the target speaker currently experiences or expresses it.,X500_NEW
330,16,Group & social dynamics,group_rejection,"An affective, appraisal, need, or stance state specifically involving group rejection in the context of group membership, peer evaluation, or collective interaction.",Mere mention of group rejection without evidence that the target speaker currently experiences or expresses it.,X500_NEW
331,16,Group & social dynamics,team_trust,"Willingness to rely on another person's goodwill, reliability, or safe handling of team.",Mere mention of team trust without evidence that the target speaker currently experiences or expresses it.,X500_NEW
332,16,Group & social dynamics,team_cohesion,"An affective, appraisal, need, or stance state specifically involving team cohesion in the context of group membership, peer evaluation, or collective interaction.",Mere mention of team cohesion without evidence that the target speaker currently experiences or expresses it.,X500_NEW
333,16,Group & social dynamics,group_anxiety,Sustained apprehension and arousal focused on group.,Mere mention of group anxiety without evidence that the target speaker currently experiences or expresses it.,X500_NEW
334,16,Group & social dynamics,group_ease,"An affective, appraisal, need, or stance state specifically involving group ease in the context of group membership, peer evaluation, or collective interaction.",Mere mention of group ease without evidence that the target speaker currently experiences or expresses it.,X500_NEW
335,16,Group & social dynamics,social_fatigue,Felt depletion or reduced emotional capacity associated with social.,Mere mention of social fatigue without evidence that the target speaker currently experiences or expresses it.,X500_NEW
336,16,Group & social dynamics,social_overload,"An affective, appraisal, need, or stance state specifically involving social overload in the context of group membership, peer evaluation, or collective interaction.",Mere mention of social overload without evidence that the target speaker currently experiences or expresses it.,X500_NEW
337,16,Group & social dynamics,social_energy,"An affective, appraisal, need, or stance state specifically involving social energy in the context of group membership, peer evaluation, or collective interaction.",Mere mention of social energy without evidence that the target speaker currently experiences or expresses it.,X500_NEW
338,16,Group & social dynamics,social_drain,"An affective, appraisal, need, or stance state specifically involving social drain in the context of group membership, peer evaluation, or collective interaction.",Mere mention of social drain without evidence that the target speaker currently experiences or expresses it.,X500_NEW
339,16,Group & social dynamics,conformity_pressure,"Felt burden, urgency, or constraint associated with conformity.",Mere mention of conformity pressure without evidence that the target speaker currently experiences or expresses it.,X500_NEW
340,16,Group & social dynamics,conformity_relief,Reduced distress after a burden or feared outcome connected to conformity eases.,Mere mention of conformity relief without evidence that the target speaker currently experiences or expresses it.,X500_NEW
341,16,Group & social dynamics,norm_comfort,"An affective, appraisal, need, or stance state specifically involving norm comfort in the context of group membership, peer evaluation, or collective interaction.",Mere mention of norm comfort without evidence that the target speaker currently experiences or expresses it.,X500_NEW
342,16,Group & social dynamics,norm_violation,"An affective, appraisal, need, or stance state specifically involving norm violation in the context of group membership, peer evaluation, or collective interaction.",Mere mention of norm violation without evidence that the target speaker currently experiences or expresses it.,X500_NEW
343,16,Group & social dynamics,peer_approval,"An affective, appraisal, need, or stance state specifically involving peer approval in the context of group membership, peer evaluation, or collective interaction.",Mere mention of peer approval without evidence that the target speaker currently experiences or expresses it.,X500_NEW
344,16,Group & social dynamics,peer_disapproval,"An affective, appraisal, need, or stance state specifically involving peer disapproval in the context of group membership, peer evaluation, or collective interaction.",Mere mention of peer disapproval without evidence that the target speaker currently experiences or expresses it.,X500_NEW
345,16,Group & social dynamics,peer_validation,"An affective, appraisal, need, or stance state specifically involving peer validation in the context of group membership, peer evaluation, or collective interaction.",Mere mention of peer validation without evidence that the target speaker currently experiences or expresses it.,X500_NEW
346,16,Group & social dynamics,peer_invalidation,"An affective, appraisal, need, or stance state specifically involving peer invalidation in the context of group membership, peer evaluation, or collective interaction.",Mere mention of peer invalidation without evidence that the target speaker currently experiences or expresses it.,X500_NEW
347,16,Group & social dynamics,group_disillusionment,"An affective, appraisal, need, or stance state specifically involving group disillusionment in the context of group membership, peer evaluation, or collective interaction.",Mere mention of group disillusionment without evidence that the target speaker currently experiences or expresses it.,X500_NEW
348,16,Group & social dynamics,group_loyalty,"An affective, appraisal, need, or stance state specifically involving group loyalty in the context of group membership, peer evaluation, or collective interaction.",Mere mention of group loyalty without evidence that the target speaker currently experiences or expresses it.,X500_NEW
349,16,Group & social dynamics,group_doubt,"Questioning whether a belief, interpretation, choice, or expectation involving group is right.",Mere mention of group doubt without evidence that the target speaker currently experiences or expresses it.,X500_NEW
350,16,Group & social dynamics,group_hope,A felt expectation that a desired outcome involving group remains possible or may improve.,Mere mention of group hope without evidence that the target speaker currently experiences or expresses it.,X500_NEW
351,16,Group & social dynamics,group_ambition,"An affective, appraisal, need, or stance state specifically involving group ambition in the context of group membership, peer evaluation, or collective interaction.",Mere mention of group ambition without evidence that the target speaker currently experiences or expresses it.,X500_NEW
352,16,Group & social dynamics,collective_gratitude,"An affective, appraisal, need, or stance state specifically involving collective gratitude in the context of group membership, peer evaluation, or collective interaction.",Mere mention of collective gratitude without evidence that the target speaker currently experiences or expresses it.,X500_NEW
353,16,Group & social dynamics,collective_grief,Loss-related distress connected to collective.,Mere mention of collective grief without evidence that the target speaker currently experiences or expresses it.,X500_NEW
354,16,Group & social dynamics,collective_anger,"An affective, appraisal, need, or stance state specifically involving collective anger in the context of group membership, peer evaluation, or collective interaction.",Mere mention of collective anger without evidence that the target speaker currently experiences or expresses it.,X500_NEW
355,16,Group & social dynamics,collective_relief,Reduced distress after a burden or feared outcome connected to collective eases.,Mere mention of collective relief without evidence that the target speaker currently experiences or expresses it.,X500_NEW
356,16,Group & social dynamics,social_role_satisfaction,"An affective, appraisal, need, or stance state specifically involving social role satisfaction in the context of group membership, peer evaluation, or collective interaction.",Mere mention of social role satisfaction without evidence that the target speaker currently experiences or expresses it.,X500_NEW
357,16,Group & social dynamics,social_role_strain,"An affective, appraisal, need, or stance state specifically involving social role strain in the context of group membership, peer evaluation, or collective interaction.",Mere mention of social role strain without evidence that the target speaker currently experiences or expresses it.,X500_NEW
358,16,Group & social dynamics,status_belonging,A felt sense of inclusion and being at home in status.,Mere mention of status belonging without evidence that the target speaker currently experiences or expresses it.,X500_NEW
359,16,Group & social dynamics,status_uncertainty,An expressed lack of a settled answer or prediction concerning status.,Mere mention of status uncertainty without evidence that the target speaker currently experiences or expresses it.,X500_NEW
360,17,Attachment & separation,attachment_security,"An affective, appraisal, need, or stance state specifically involving attachment security in the context of closeness, separation, attachment, or reunion.",Mere mention of attachment security without evidence that the target speaker currently experiences or expresses it.,X500_NEW
361,17,Attachment & separation,attachment_anxiety,Sustained apprehension and arousal focused on attachment.,Mere mention of attachment anxiety without evidence that the target speaker currently experiences or expresses it.,X500_NEW
362,17,Attachment & separation,secure_closeness,"An affective, appraisal, need, or stance state specifically involving secure closeness in the context of closeness, separation, attachment, or reunion.",Mere mention of secure closeness without evidence that the target speaker currently experiences or expresses it.,X500_NEW
363,17,Attachment & separation,reunion_joy,"An affective, appraisal, need, or stance state specifically involving reunion joy in the context of closeness, separation, attachment, or reunion.",Mere mention of reunion joy without evidence that the target speaker currently experiences or expresses it.,X500_NEW
364,17,Attachment & separation,reunion_anticipation,"An affective, appraisal, need, or stance state specifically involving reunion anticipation in the context of closeness, separation, attachment, or reunion.",Mere mention of reunion anticipation without evidence that the target speaker currently experiences or expresses it.,X500_NEW
365,17,Attachment & separation,reunion_relief,Reduced distress after a burden or feared outcome connected to reunion eases.,Mere mention of reunion relief without evidence that the target speaker currently experiences or expresses it.,X500_NEW
366,17,Attachment & separation,separation_sadness,Unpleasant low mood connected to separation.,Mere mention of separation sadness without evidence that the target speaker currently experiences or expresses it.,X500_NEW
367,17,Attachment & separation,separation_relief,Reduced distress after a burden or feared outcome connected to separation eases.,Mere mention of separation relief without evidence that the target speaker currently experiences or expresses it.,X500_NEW
368,17,Attachment & separation,missing_someone,"An affective, appraisal, need, or stance state specifically involving missing someone in the context of closeness, separation, attachment, or reunion.",Mere mention of missing someone without evidence that the target speaker currently experiences or expresses it.,X500_NEW
369,17,Attachment & separation,yearning_for_presence,"An affective, appraisal, need, or stance state specifically involving yearning for presence in the context of closeness, separation, attachment, or reunion.",Mere mention of yearning for presence without evidence that the target speaker currently experiences or expresses it.,X500_NEW
370,17,Attachment & separation,presence_comfort,"An affective, appraisal, need, or stance state specifically involving presence comfort in the context of closeness, separation, attachment, or reunion.",Mere mention of presence comfort without evidence that the target speaker currently experiences or expresses it.,X500_NEW
371,17,Attachment & separation,absence_pain,"An affective, appraisal, need, or stance state specifically involving absence pain in the context of closeness, separation, attachment, or reunion.",Mere mention of absence pain without evidence that the target speaker currently experiences or expresses it.,X500_NEW
372,17,Attachment & separation,distance_regret,A wish that something connected to distance had gone differently.,Mere mention of distance regret without evidence that the target speaker currently experiences or expresses it.,X500_NEW
373,17,Attachment & separation,commitment_warmth,"An affective, appraisal, need, or stance state specifically involving commitment warmth in the context of closeness, separation, attachment, or reunion.",Mere mention of commitment warmth without evidence that the target speaker currently experiences or expresses it.,X500_NEW
374,17,Attachment & separation,commitment_fear,Distress about a perceived threat connected to commitment.,Mere mention of commitment fear without evidence that the target speaker currently experiences or expresses it.,X500_NEW
375,17,Attachment & separation,commitment_pride,Positive self- or group-evaluation connected to commitment.,Mere mention of commitment pride without evidence that the target speaker currently experiences or expresses it.,X500_NEW
376,17,Attachment & separation,commitment_doubt,"Questioning whether a belief, interpretation, choice, or expectation involving commitment is right.",Mere mention of commitment doubt without evidence that the target speaker currently experiences or expresses it.,X500_NEW
377,17,Attachment & separation,relationship_stability,"An affective, appraisal, need, or stance state specifically involving relationship stability in the context of closeness, separation, attachment, or reunion.",Mere mention of relationship stability without evidence that the target speaker currently experiences or expresses it.,X500_NEW
378,17,Attachment & separation,relationship_instability,"An affective, appraisal, need, or stance state specifically involving relationship instability in the context of closeness, separation, attachment, or reunion.",Mere mention of relationship instability without evidence that the target speaker currently experiences or expresses it.,X500_NEW
379,17,Attachment & separation,relational_safety,"An affective, appraisal, need, or stance state specifically involving relational safety in the context of closeness, separation, attachment, or reunion.",Mere mention of relational safety without evidence that the target speaker currently experiences or expresses it.,X500_NEW
380,17,Attachment & separation,relational_unease,"An affective, appraisal, need, or stance state specifically involving relational unease in the context of closeness, separation, attachment, or reunion.",Mere mention of relational unease without evidence that the target speaker currently experiences or expresses it.,X500_NEW
381,17,Attachment & separation,separation_anticipation,"An affective, appraisal, need, or stance state specifically involving separation anticipation in the context of closeness, separation, attachment, or reunion.",Mere mention of separation anticipation without evidence that the target speaker currently experiences or expresses it.,X500_NEW
382,17,Attachment & separation,reunion_dread,Strong aversion while anticipating a distressing event connected to reunion.,Mere mention of reunion dread without evidence that the target speaker currently experiences or expresses it.,X500_NEW
383,17,Attachment & separation,reunion_nervousness,"An affective, appraisal, need, or stance state specifically involving reunion nervousness in the context of closeness, separation, attachment, or reunion.",Mere mention of reunion nervousness without evidence that the target speaker currently experiences or expresses it.,X500_NEW
384,17,Attachment & separation,attachment_gratitude,"An affective, appraisal, need, or stance state specifically involving attachment gratitude in the context of closeness, separation, attachment, or reunion.",Mere mention of attachment gratitude without evidence that the target speaker currently experiences or expresses it.,X500_NEW
385,17,Attachment & separation,attachment_disappointment,Displeasure because a valued expectation connected to attachment was not met.,Mere mention of attachment disappointment without evidence that the target speaker currently experiences or expresses it.,X500_NEW
386,17,Attachment & separation,attachment_reassurance,"An affective, appraisal, need, or stance state specifically involving attachment reassurance in the context of closeness, separation, attachment, or reunion.",Mere mention of attachment reassurance without evidence that the target speaker currently experiences or expresses it.,X500_NEW
387,17,Attachment & separation,attachment_validation,"An affective, appraisal, need, or stance state specifically involving attachment validation in the context of closeness, separation, attachment, or reunion.",Mere mention of attachment validation without evidence that the target speaker currently experiences or expresses it.,X500_NEW
388,17,Attachment & separation,attachment_invalidation,"An affective, appraisal, need, or stance state specifically involving attachment invalidation in the context of closeness, separation, attachment, or reunion.",Mere mention of attachment invalidation without evidence that the target speaker currently experiences or expresses it.,X500_NEW
389,17,Attachment & separation,attachment_hope,A felt expectation that a desired outcome involving attachment remains possible or may improve.,Mere mention of attachment hope without evidence that the target speaker currently experiences or expresses it.,X500_NEW
390,17,Attachment & separation,attachment_hopelessness,A felt expectation that a desired outcome involving attachmentlessness remains possible or may improve.,Mere mention of attachment hopelessness without evidence that the target speaker currently experiences or expresses it.,X500_NEW
391,17,Attachment & separation,protective_attachment,"An affective, appraisal, need, or stance state specifically involving protective attachment in the context of closeness, separation, attachment, or reunion.",Mere mention of protective attachment without evidence that the target speaker currently experiences or expresses it.,X500_NEW
392,17,Attachment & separation,possessive_concern,"An affective, appraisal, need, or stance state specifically involving possessive concern in the context of closeness, separation, attachment, or reunion.",Mere mention of possessive concern without evidence that the target speaker currently experiences or expresses it.,X500_NEW
393,17,Attachment & separation,relational_security,"An affective, appraisal, need, or stance state specifically involving relational security in the context of closeness, separation, attachment, or reunion.",Mere mention of relational security without evidence that the target speaker currently experiences or expresses it.,X500_NEW
394,17,Attachment & separation,relational_insecurity,"Doubt about adequacy, safety, worth, or standing in relation to relational.",Mere mention of relational insecurity without evidence that the target speaker currently experiences or expresses it.,X500_NEW
395,17,Attachment & separation,separation_acceptance,Willingness or felt ability to receive or live with separation without continued resistance.,Mere mention of separation acceptance without evidence that the target speaker currently experiences or expresses it.,X500_NEW
396,18,Meaning & existential,meaningfulness,"An affective, appraisal, need, or stance state specifically involving meaningfulness in the context of meaning, purpose, mortality, or life interpretation.",Mere mention of meaningfulness without evidence that the target speaker currently experiences or expresses it.,X500_NEW
397,18,Meaning & existential,purposelessness,"An affective, appraisal, need, or stance state specifically involving purposelessness in the context of meaning, purpose, mortality, or life interpretation.",Mere mention of purposelessness without evidence that the target speaker currently experiences or expresses it.,X500_NEW
398,18,Meaning & existential,existential_awe,"An affective, appraisal, need, or stance state specifically involving existential awe in the context of meaning, purpose, mortality, or life interpretation.",Mere mention of existential awe without evidence that the target speaker currently experiences or expresses it.,X500_NEW
399,18,Meaning & existential,existential_dread,Strong aversion while anticipating a distressing event connected to existential.,Mere mention of existential dread without evidence that the target speaker currently experiences or expresses it.,X500_NEW
400,18,Meaning & existential,mortality_salience,"An affective, appraisal, need, or stance state specifically involving mortality salience in the context of meaning, purpose, mortality, or life interpretation.",Mere mention of mortality salience without evidence that the target speaker currently experiences or expresses it.,X500_NEW
401,18,Meaning & existential,transcendence,"An affective, appraisal, need, or stance state specifically involving transcendence in the context of meaning, purpose, mortality, or life interpretation.",Mere mention of transcendence without evidence that the target speaker currently experiences or expresses it.,X500_NEW
402,18,Meaning & existential,existential_wonder,"An affective, appraisal, need, or stance state specifically involving existential wonder in the context of meaning, purpose, mortality, or life interpretation.",Mere mention of existential wonder without evidence that the target speaker currently experiences or expresses it.,X500_NEW
403,18,Meaning & existential,life_coherence,"An affective, appraisal, need, or stance state specifically involving life coherence in the context of meaning, purpose, mortality, or life interpretation.",Mere mention of life coherence without evidence that the target speaker currently experiences or expresses it.,X500_NEW
404,18,Meaning & existential,life_confusion,"An affective, appraisal, need, or stance state specifically involving life confusion in the context of meaning, purpose, mortality, or life interpretation.",Mere mention of life confusion without evidence that the target speaker currently experiences or expresses it.,X500_NEW
405,18,Meaning & existential,identity_in_life,"An affective, appraisal, need, or stance state specifically involving identity in life in the context of meaning, purpose, mortality, or life interpretation.",Mere mention of identity in life without evidence that the target speaker currently experiences or expresses it.,X500_NEW
406,18,Meaning & existential,legacy_desire,"An affective, appraisal, need, or stance state specifically involving legacy desire in the context of meaning, purpose, mortality, or life interpretation.",Mere mention of legacy desire without evidence that the target speaker currently experiences or expresses it.,X500_NEW
407,18,Meaning & existential,legacy_pride,Positive self- or group-evaluation connected to legacy.,Mere mention of legacy pride without evidence that the target speaker currently experiences or expresses it.,X500_NEW
408,18,Meaning & existential,existential_hope,A felt expectation that a desired outcome involving existential remains possible or may improve.,Mere mention of existential hope without evidence that the target speaker currently experiences or expresses it.,X500_NEW
409,18,Meaning & existential,existential_hopelessness,A felt expectation that a desired outcome involving existentiallessness remains possible or may improve.,Mere mention of existential hopelessness without evidence that the target speaker currently experiences or expresses it.,X500_NEW
410,18,Meaning & existential,existential_curiosity,"An affective, appraisal, need, or stance state specifically involving existential curiosity in the context of meaning, purpose, mortality, or life interpretation.",Mere mention of existential curiosity without evidence that the target speaker currently experiences or expresses it.,X500_NEW
411,18,Meaning & existential,existential_loneliness,"An affective, appraisal, need, or stance state specifically involving existential loneliness in the context of meaning, purpose, mortality, or life interpretation.",Mere mention of existential loneliness without evidence that the target speaker currently experiences or expresses it.,X500_NEW
412,18,Meaning & existential,existential_belonging,A felt sense of inclusion and being at home in existential.,Mere mention of existential belonging without evidence that the target speaker currently experiences or expresses it.,X500_NEW
413,18,Meaning & existential,existential_isolation,"An affective, appraisal, need, or stance state specifically involving existential isolation in the context of meaning, purpose, mortality, or life interpretation.",Mere mention of existential isolation without evidence that the target speaker currently experiences or expresses it.,X500_NEW
414,18,Meaning & existential,finitude_acceptance,Willingness or felt ability to receive or live with finitude without continued resistance.,Mere mention of finitude acceptance without evidence that the target speaker currently experiences or expresses it.,X500_NEW
415,18,Meaning & existential,mortality_anxiety,Sustained apprehension and arousal focused on mortality.,Mere mention of mortality anxiety without evidence that the target speaker currently experiences or expresses it.,X500_NEW
416,18,Meaning & existential,life_direction,"An affective, appraisal, need, or stance state specifically involving life direction in the context of meaning, purpose, mortality, or life interpretation.",Mere mention of life direction without evidence that the target speaker currently experiences or expresses it.,X500_NEW
417,18,Meaning & existential,life_drift,"An affective, appraisal, need, or stance state specifically involving life drift in the context of meaning, purpose, mortality, or life interpretation.",Mere mention of life drift without evidence that the target speaker currently experiences or expresses it.,X500_NEW
418,18,Meaning & existential,life_significance,"An affective, appraisal, need, or stance state specifically involving life significance in the context of meaning, purpose, mortality, or life interpretation.",Mere mention of life significance without evidence that the target speaker currently experiences or expresses it.,X500_NEW
419,18,Meaning & existential,existential_relief,Reduced distress after a burden or feared outcome connected to existential eases.,Mere mention of existential relief without evidence that the target speaker currently experiences or expresses it.,X500_NEW
420,18,Meaning & existential,existential_gratitude,"An affective, appraisal, need, or stance state specifically involving existential gratitude in the context of meaning, purpose, mortality, or life interpretation.",Mere mention of existential gratitude without evidence that the target speaker currently experiences or expresses it.,X500_NEW
421,18,Meaning & existential,existential_regret,A wish that something connected to existential had gone differently.,Mere mention of existential regret without evidence that the target speaker currently experiences or expresses it.,X500_NEW
422,18,Meaning & existential,existential_fulfillment,"An affective, appraisal, need, or stance state specifically involving existential fulfillment in the context of meaning, purpose, mortality, or life interpretation.",Mere mention of existential fulfillment without evidence that the target speaker currently experiences or expresses it.,X500_NEW
423,18,Meaning & existential,existential_boredom,"An affective, appraisal, need, or stance state specifically involving existential boredom in the context of meaning, purpose, mortality, or life interpretation.",Mere mention of existential boredom without evidence that the target speaker currently experiences or expresses it.,X500_NEW
424,18,Meaning & existential,existential_rebellion,"An affective, appraisal, need, or stance state specifically involving existential rebellion in the context of meaning, purpose, mortality, or life interpretation.",Mere mention of existential rebellion without evidence that the target speaker currently experiences or expresses it.,X500_NEW
425,18,Meaning & existential,existential_resignation,"An affective, appraisal, need, or stance state specifically involving existential resignation in the context of meaning, purpose, mortality, or life interpretation.",Mere mention of existential resignation without evidence that the target speaker currently experiences or expresses it.,X500_NEW
426,18,Meaning & existential,meaning_repair,"An affective, appraisal, need, or stance state specifically involving meaning repair in the context of meaning, purpose, mortality, or life interpretation.",Mere mention of meaning repair without evidence that the target speaker currently experiences or expresses it.,X500_NEW
427,18,Meaning & existential,purpose_renewal,"An affective, appraisal, need, or stance state specifically involving purpose renewal in the context of meaning, purpose, mortality, or life interpretation.",Mere mention of purpose renewal without evidence that the target speaker currently experiences or expresses it.,X500_NEW
428,18,Meaning & existential,worldview_shift,"An affective, appraisal, need, or stance state specifically involving worldview shift in the context of meaning, purpose, mortality, or life interpretation.",Mere mention of worldview shift without evidence that the target speaker currently experiences or expresses it.,X500_NEW
429,18,Meaning & existential,existential_tenderness,"An affective, appraisal, need, or stance state specifically involving existential tenderness in the context of meaning, purpose, mortality, or life interpretation.",Mere mention of existential tenderness without evidence that the target speaker currently experiences or expresses it.,X500_NEW
430,18,Meaning & existential,life_narrative,"An affective, appraisal, need, or stance state specifically involving life narrative in the context of meaning, purpose, mortality, or life interpretation.",Mere mention of life narrative without evidence that the target speaker currently experiences or expresses it.,X500_NEW
431,19,Communication & interaction,conversational_ease,"An affective, appraisal, need, or stance state specifically involving conversational ease in the context of conversation, expression, interpretation, or interaction quality.",Mere mention of conversational ease without evidence that the target speaker currently experiences or expresses it.,X500_NEW
432,19,Communication & interaction,conversational_anxiety,Sustained apprehension and arousal focused on conversational.,Mere mention of conversational anxiety without evidence that the target speaker currently experiences or expresses it.,X500_NEW
433,19,Communication & interaction,conversational_warmth,"An affective, appraisal, need, or stance state specifically involving conversational warmth in the context of conversation, expression, interpretation, or interaction quality.",Mere mention of conversational warmth without evidence that the target speaker currently experiences or expresses it.,X500_NEW
434,19,Communication & interaction,conversational_distance,"An affective, appraisal, need, or stance state specifically involving conversational distance in the context of conversation, expression, interpretation, or interaction quality.",Mere mention of conversational distance without evidence that the target speaker currently experiences or expresses it.,X500_NEW
435,19,Communication & interaction,conversational_absorption,"An affective, appraisal, need, or stance state specifically involving conversational absorption in the context of conversation, expression, interpretation, or interaction quality.",Mere mention of conversational absorption without evidence that the target speaker currently experiences or expresses it.,X500_NEW
436,19,Communication & interaction,conversational_boredom,"An affective, appraisal, need, or stance state specifically involving conversational boredom in the context of conversation, expression, interpretation, or interaction quality.",Mere mention of conversational boredom without evidence that the target speaker currently experiences or expresses it.,X500_NEW
437,19,Communication & interaction,misattunement,"An affective, appraisal, need, or stance state specifically involving misattunement in the context of conversation, expression, interpretation, or interaction quality.",Mere mention of misattunement without evidence that the target speaker currently experiences or expresses it.,X500_NEW
438,19,Communication & interaction,attunement,"An affective, appraisal, need, or stance state specifically involving attunement in the context of conversation, expression, interpretation, or interaction quality.",Mere mention of attunement without evidence that the target speaker currently experiences or expresses it.,X500_NEW
439,19,Communication & interaction,interpretive_charity,"An affective, appraisal, need, or stance state specifically involving interpretive charity in the context of conversation, expression, interpretation, or interaction quality.",Mere mention of interpretive charity without evidence that the target speaker currently experiences or expresses it.,X500_NEW
440,19,Communication & interaction,interpretive_suspicion,"An affective, appraisal, need, or stance state specifically involving interpretive suspicion in the context of conversation, expression, interpretation, or interaction quality.",Mere mention of interpretive suspicion without evidence that the target speaker currently experiences or expresses it.,X500_NEW
441,19,Communication & interaction,communicative_confidence,Positive assurance about one's ability or likely performance in communicative.,Mere mention of communicative confidence without evidence that the target speaker currently experiences or expresses it.,X500_NEW
442,19,Communication & interaction,communicative_hesitation,"An affective, appraisal, need, or stance state specifically involving communicative hesitation in the context of conversation, expression, interpretation, or interaction quality.",Mere mention of communicative hesitation without evidence that the target speaker currently experiences or expresses it.,X500_NEW
443,19,Communication & interaction,expressive_clarity,"An affective, appraisal, need, or stance state specifically involving expressive clarity in the context of conversation, expression, interpretation, or interaction quality.",Mere mention of expressive clarity without evidence that the target speaker currently experiences or expresses it.,X500_NEW
444,19,Communication & interaction,expressive_block,"An affective, appraisal, need, or stance state specifically involving expressive block in the context of conversation, expression, interpretation, or interaction quality.",Mere mention of expressive block without evidence that the target speaker currently experiences or expresses it.,X500_NEW
445,19,Communication & interaction,disclosure_relief,Reduced distress after a burden or feared outcome connected to disclosure eases.,Mere mention of disclosure relief without evidence that the target speaker currently experiences or expresses it.,X500_NEW
446,19,Communication & interaction,disclosure_fear,Distress about a perceived threat connected to disclosure.,Mere mention of disclosure fear without evidence that the target speaker currently experiences or expresses it.,X500_NEW
447,19,Communication & interaction,message_anticipation,"An affective, appraisal, need, or stance state specifically involving message anticipation in the context of conversation, expression, interpretation, or interaction quality.",Mere mention of message anticipation without evidence that the target speaker currently experiences or expresses it.,X500_NEW
448,19,Communication & interaction,message_dread,Strong aversion while anticipating a distressing event connected to message.,Mere mention of message dread without evidence that the target speaker currently experiences or expresses it.,X500_NEW
449,19,Communication & interaction,response_relief,Reduced distress after a burden or feared outcome connected to response eases.,Mere mention of response relief without evidence that the target speaker currently experiences or expresses it.,X500_NEW
450,19,Communication & interaction,response_disappointment,Displeasure because a valued expectation connected to response was not met.,Mere mention of response disappointment without evidence that the target speaker currently experiences or expresses it.,X500_NEW
451,19,Communication & interaction,reply_uncertainty,An expressed lack of a settled answer or prediction concerning reply.,Mere mention of reply uncertainty without evidence that the target speaker currently experiences or expresses it.,X500_NEW
452,19,Communication & interaction,read_receipt_anxiety,Sustained apprehension and arousal focused on read receipt.,Mere mention of read receipt anxiety without evidence that the target speaker currently experiences or expresses it.,X500_NEW
453,19,Communication & interaction,being_understood,"An affective, appraisal, need, or stance state specifically involving being understood in the context of conversation, expression, interpretation, or interaction quality.",Mere mention of being understood without evidence that the target speaker currently experiences or expresses it.,X500_NEW
454,19,Communication & interaction,being_misunderstood,"An affective, appraisal, need, or stance state specifically involving being misunderstood in the context of conversation, expression, interpretation, or interaction quality.",Mere mention of being misunderstood without evidence that the target speaker currently experiences or expresses it.,X500_NEW
455,19,Communication & interaction,conversational_repair,"An affective, appraisal, need, or stance state specifically involving conversational repair in the context of conversation, expression, interpretation, or interaction quality.",Mere mention of conversational repair without evidence that the target speaker currently experiences or expresses it.,X500_NEW
456,19,Communication & interaction,repair_hope,A felt expectation that a desired outcome involving repair remains possible or may improve.,Mere mention of repair hope without evidence that the target speaker currently experiences or expresses it.,X500_NEW
457,19,Communication & interaction,repair_dread,Strong aversion while anticipating a distressing event connected to repair.,Mere mention of repair dread without evidence that the target speaker currently experiences or expresses it.,X500_NEW
458,19,Communication & interaction,interactional_tension,"An affective, appraisal, need, or stance state specifically involving interactional tension in the context of conversation, expression, interpretation, or interaction quality.",Mere mention of interactional tension without evidence that the target speaker currently experiences or expresses it.,X500_NEW
459,19,Communication & interaction,interactional_safety,"An affective, appraisal, need, or stance state specifically involving interactional safety in the context of conversation, expression, interpretation, or interaction quality.",Mere mention of interactional safety without evidence that the target speaker currently experiences or expresses it.,X500_NEW
460,19,Communication & interaction,conversational_trust,"Willingness to rely on another person's goodwill, reliability, or safe handling of conversational.",Mere mention of conversational trust without evidence that the target speaker currently experiences or expresses it.,X500_NEW
461,19,Communication & interaction,conversational_distrust,"Willingness to rely on another person's goodwill, reliability, or safe handling of conversational distrust.",Mere mention of conversational distrust without evidence that the target speaker currently experiences or expresses it.,X500_NEW
462,19,Communication & interaction,conversational_playfulness,"An affective, appraisal, need, or stance state specifically involving conversational playfulness in the context of conversation, expression, interpretation, or interaction quality.",Mere mention of conversational playfulness without evidence that the target speaker currently experiences or expresses it.,X500_NEW
463,19,Communication & interaction,conversational_seriousness,"An affective, appraisal, need, or stance state specifically involving conversational seriousness in the context of conversation, expression, interpretation, or interaction quality.",Mere mention of conversational seriousness without evidence that the target speaker currently experiences or expresses it.,X500_NEW
464,19,Communication & interaction,conversational_vulnerability,"An affective, appraisal, need, or stance state specifically involving conversational vulnerability in the context of conversation, expression, interpretation, or interaction quality.",Mere mention of conversational vulnerability without evidence that the target speaker currently experiences or expresses it.,X500_NEW
465,19,Communication & interaction,conversational_fatigue,Felt depletion or reduced emotional capacity associated with conversational.,Mere mention of conversational fatigue without evidence that the target speaker currently experiences or expresses it.,X500_NEW
466,20,Transformation & integration,acceptance_of_change,Willingness or felt ability to receive or live with acceptance of change without continued resistance.,Mere mention of acceptance of change without evidence that the target speaker currently experiences or expresses it.,X500_NEW
467,20,Transformation & integration,change_anxiety,Sustained apprehension and arousal focused on change.,Mere mention of change anxiety without evidence that the target speaker currently experiences or expresses it.,X500_NEW
468,20,Transformation & integration,change_excitement,"An affective, appraisal, need, or stance state specifically involving change excitement in the context of change, recovery, learning, or emotional integration.",Mere mention of change excitement without evidence that the target speaker currently experiences or expresses it.,X500_NEW
469,20,Transformation & integration,transition_hope,A felt expectation that a desired outcome involving transition remains possible or may improve.,Mere mention of transition hope without evidence that the target speaker currently experiences or expresses it.,X500_NEW
470,20,Transformation & integration,transition_grief,Loss-related distress connected to transition.,Mere mention of transition grief without evidence that the target speaker currently experiences or expresses it.,X500_NEW
471,20,Transformation & integration,adaptation,"An affective, appraisal, need, or stance state specifically involving adaptation in the context of change, recovery, learning, or emotional integration.",Mere mention of adaptation without evidence that the target speaker currently experiences or expresses it.,X500_NEW
472,20,Transformation & integration,resilience,"An affective, appraisal, need, or stance state specifically involving resilience in the context of change, recovery, learning, or emotional integration.",Mere mention of resilience without evidence that the target speaker currently experiences or expresses it.,X500_NEW
473,20,Transformation & integration,recovery_pride,Positive self- or group-evaluation connected to recovery.,Mere mention of recovery pride without evidence that the target speaker currently experiences or expresses it.,X500_NEW
474,20,Transformation & integration,post_event_relief,Reduced distress after a burden or feared outcome connected to post event eases.,Mere mention of post event relief without evidence that the target speaker currently experiences or expresses it.,X500_NEW
475,20,Transformation & integration,emotional_integration,"An affective, appraisal, need, or stance state specifically involving emotional integration in the context of change, recovery, learning, or emotional integration.",Mere mention of emotional integration without evidence that the target speaker currently experiences or expresses it.,X500_NEW
476,20,Transformation & integration,emotional_processing,"An affective, appraisal, need, or stance state specifically involving emotional processing in the context of change, recovery, learning, or emotional integration.",Mere mention of emotional processing without evidence that the target speaker currently experiences or expresses it.,X500_NEW
477,20,Transformation & integration,catharsis,"An affective, appraisal, need, or stance state specifically involving catharsis in the context of change, recovery, learning, or emotional integration.",Mere mention of catharsis without evidence that the target speaker currently experiences or expresses it.,X500_NEW
478,20,Transformation & integration,closure,"An affective, appraisal, need, or stance state specifically involving closure in the context of change, recovery, learning, or emotional integration.",Mere mention of closure without evidence that the target speaker currently experiences or expresses it.,X500_NEW
479,20,Transformation & integration,unfinished_business,"An affective, appraisal, need, or stance state specifically involving unfinished business in the context of change, recovery, learning, or emotional integration.",Mere mention of unfinished business without evidence that the target speaker currently experiences or expresses it.,X500_NEW
480,20,Transformation & integration,growth_mindset,"An affective, appraisal, need, or stance state specifically involving growth mindset in the context of change, recovery, learning, or emotional integration.",Mere mention of growth mindset without evidence that the target speaker currently experiences or expresses it.,X500_NEW
481,20,Transformation & integration,growth_satisfaction,"An affective, appraisal, need, or stance state specifically involving growth satisfaction in the context of change, recovery, learning, or emotional integration.",Mere mention of growth satisfaction without evidence that the target speaker currently experiences or expresses it.,X500_NEW
482,20,Transformation & integration,transformation_pride,Positive self- or group-evaluation connected to transformation.,Mere mention of transformation pride without evidence that the target speaker currently experiences or expresses it.,X500_NEW
483,20,Transformation & integration,transformation_fear,Distress about a perceived threat connected to transformation.,Mere mention of transformation fear without evidence that the target speaker currently experiences or expresses it.,X500_NEW
484,20,Transformation & integration,starting_over_hope,A felt expectation that a desired outcome involving starting over remains possible or may improve.,Mere mention of starting over hope without evidence that the target speaker currently experiences or expresses it.,X500_NEW
485,20,Transformation & integration,starting_over_dread,Strong aversion while anticipating a distressing event connected to starting over.,Mere mention of starting over dread without evidence that the target speaker currently experiences or expresses it.,X500_NEW
486,20,Transformation & integration,letting_go,"An affective, appraisal, need, or stance state specifically involving letting go in the context of change, recovery, learning, or emotional integration.",Mere mention of letting go without evidence that the target speaker currently experiences or expresses it.,X500_NEW
487,20,Transformation & integration,holding_on,"An affective, appraisal, need, or stance state specifically involving holding on in the context of change, recovery, learning, or emotional integration.",Mere mention of holding on without evidence that the target speaker currently experiences or expresses it.,X500_NEW
488,20,Transformation & integration,emotional_learning,"An affective, appraisal, need, or stance state specifically involving emotional learning in the context of change, recovery, learning, or emotional integration.",Mere mention of emotional learning without evidence that the target speaker currently experiences or expresses it.,X500_NEW
489,20,Transformation & integration,insight_relief,Reduced distress after a burden or feared outcome connected to insight eases.,Mere mention of insight relief without evidence that the target speaker currently experiences or expresses it.,X500_NEW
490,20,Transformation & integration,insight_discomfort,"An affective, appraisal, need, or stance state specifically involving insight discomfort in the context of change, recovery, learning, or emotional integration.",Mere mention of insight discomfort without evidence that the target speaker currently experiences or expresses it.,X500_NEW
491,20,Transformation & integration,pattern_recognition_satisfaction,"An affective, appraisal, need, or stance state specifically involving pattern recognition satisfaction in the context of change, recovery, learning, or emotional integration.",Mere mention of pattern recognition satisfaction without evidence that the target speaker currently experiences or expresses it.,X500_NEW
492,20,Transformation & integration,pattern_recognition_doubt,"Questioning whether a belief, interpretation, choice, or expectation involving pattern recognition is right.",Mere mention of pattern recognition doubt without evidence that the target speaker currently experiences or expresses it.,X500_NEW
493,20,Transformation & integration,inner_reconciliation,"An affective, appraisal, need, or stance state specifically involving inner reconciliation in the context of change, recovery, learning, or emotional integration.",Mere mention of inner reconciliation without evidence that the target speaker currently experiences or expresses it.,X500_NEW
494,20,Transformation & integration,self_forgiveness,"An affective, appraisal, need, or stance state specifically involving self forgiveness in the context of change, recovery, learning, or emotional integration.",Mere mention of self forgiveness without evidence that the target speaker currently experiences or expresses it.,X500_NEW
495,20,Transformation & integration,future_self_connection,"An affective, appraisal, need, or stance state specifically involving future self connection in the context of change, recovery, learning, or emotional integration.",Mere mention of future self connection without evidence that the target speaker currently experiences or expresses it.,X500_NEW
496,20,Transformation & integration,past_self_compassion,"An affective, appraisal, need, or stance state specifically involving past self compassion in the context of change, recovery, learning, or emotional integration.",Mere mention of past self compassion without evidence that the target speaker currently experiences or expresses it.,X500_NEW
497,20,Transformation & integration,change_acceptance,Willingness or felt ability to receive or live with change without continued resistance.,Mere mention of change acceptance without evidence that the target speaker currently experiences or expresses it.,X500_NEW
498,20,Transformation & integration,change_resistance,"An affective, appraisal, need, or stance state specifically involving change resistance in the context of change, recovery, learning, or emotional integration.",Mere mention of change resistance without evidence that the target speaker currently experiences or expresses it.,X500_NEW
499,20,Transformation & integration,reintegration,"An affective, appraisal, need, or stance state specifically involving reintegration in the context of change, recovery, learning, or emotional integration.",Mere mention of reintegration without evidence that the target speaker currently experiences or expresses it.,X500_NEW
500,20,Transformation & integration,renewed_agency,"An affective, appraisal, need, or stance state specifically involving renewed agency in the context of change, recovery, learning, or emotional integration.",Mere mention of renewed agency without evidence that the target speaker currently experiences or expresses it.,X500_NEW
